centroidCoord_x,centroidCoord_y,tile,rasterCell,region,zone,macrozone,total
125,9875,1560,1,3,1,1,1
375,9875,1561,2,3,1,1,1
625,9875,1562,3,3,1,1,1
875,9875,1563,4,3,1,1,1
1125,9875,1564,5,3,1,1,1
1375,9875,1565,6,3,1,1,1
1625,9875,1566,7,3,1,1,1
1875,9875,1567,8,3,1,1,1
2125,9875,1568,9,3,1,1,1
2375,9875,1569,10,3,1,1,1
2625,9875,1570,11,3,1,1,1
2875,9875,1571,12,3,1,1,1
3125,9875,1572,13,5,3,2,1
3375,9875,1573,14,5,3,2,1
3625,9875,1574,15,5,3,2,1
3875,9875,1575,16,5,3,2,1
4125,9875,1576,17,5,3,2,1
4375,9875,1577,18,5,3,2,1
4625,9875,1578,19,5,3,2,1
4875,9875,1579,20,5,3,2,1
5125,9875,1580,21,7,3,2,1
5375,9875,1581,22,7,3,2,1
5625,9875,1582,23,7,3,2,1
5875,9875,1583,24,7,3,2,1
6125,9875,1584,25,7,3,2,1
6375,9875,1585,26,7,3,2,1
6625,9875,1586,27,7,3,2,1
6875,9875,1587,28,7,3,2,1
7125,9875,1588,29,7,3,2,1
7375,9875,1589,30,7,3,2,1
7625,9875,1590,31,10,4,2,1
7875,9875,1591,32,10,4,2,1
8125,9875,1592,33,10,4,2,1
8375,9875,1593,34,10,4,2,1
8625,9875,1594,35,10,4,2,1
8875,9875,1595,36,10,4,2,1
9125,9875,1596,37,10,4,2,1
9375,9875,1597,38,10,4,2,1
9625,9875,1598,39,10,4,2,1
9875,9875,1599,40,10,4,2,1
125,9625,1520,41,3,1,1,1
375,9625,1521,42,3,1,1,1
625,9625,1522,43,3,1,1,1
875,9625,1523,44,3,1,1,1
1125,9625,1524,45,3,1,1,1
1375,9625,1525,46,3,1,1,1
1625,9625,1526,47,3,1,1,1
1875,9625,1527,48,3,1,1,1
2125,9625,1528,49,3,1,1,1
2375,9625,1529,50,3,1,1,1
2625,9625,1530,51,3,1,1,1
2875,9625,1531,52,3,1,1,1
3125,9625,1532,53,5,3,2,1
3375,9625,1533,54,5,3,2,1
3625,9625,1534,55,5,3,2,1
3875,9625,1535,56,5,3,2,1
4125,9625,1536,57,5,3,2,1
4375,9625,1537,58,5,3,2,1
4625,9625,1538,59,5,3,2,1
4875,9625,1539,60,5,3,2,1
5125,9625,1540,61,7,3,2,1
5375,9625,1541,62,7,3,2,1
5625,9625,1542,63,7,3,2,1
5875,9625,1543,64,7,3,2,1
6125,9625,1544,65,7,3,2,1
6375,9625,1545,66,7,3,2,1
6625,9625,1546,67,7,3,2,1
6875,9625,1547,68,7,3,2,1
7125,9625,1548,69,7,3,2,1
7375,9625,1549,70,7,3,2,1
7625,9625,1550,71,10,4,2,1
7875,9625,1551,72,10,4,2,1
8125,9625,1552,73,10,4,2,1
8375,9625,1553,74,10,4,2,1
8625,9625,1554,75,10,4,2,1
8875,9625,1555,76,10,4,2,1
9125,9625,1556,77,10,4,2,1
9375,9625,1557,78,10,4,2,1
9625,9625,1558,79,10,4,2,1
9875,9625,1559,80,10,4,2,1
125,9375,1480,81,3,1,1,1
375,9375,1481,82,3,1,1,1
625,9375,1482,83,3,1,1,1
875,9375,1483,84,3,1,1,1
1125,9375,1484,85,3,1,1,1
1375,9375,1485,86,3,1,1,1
1625,9375,1486,87,3,1,1,1
1875,9375,1487,88,3,1,1,1
2125,9375,1488,89,3,1,1,1
2375,9375,1489,90,3,1,1,1
2625,9375,1490,91,3,1,1,1
2875,9375,1491,92,3,1,1,1
3125,9375,1492,93,5,3,2,1
3375,9375,1493,94,5,3,2,1
3625,9375,1494,95,5,3,2,1
3875,9375,1495,96,5,3,2,1
4125,9375,1496,97,5,3,2,1
4375,9375,1497,98,5,3,2,1
4625,9375,1498,99,5,3,2,1
4875,9375,1499,100,5,3,2,1
5125,9375,1500,101,7,3,2,1
5375,9375,1501,102,7,3,2,1
5625,9375,1502,103,7,3,2,1
5875,9375,1503,104,7,3,2,1
6125,9375,1504,105,7,3,2,1
6375,9375,1505,106,7,3,2,1
6625,9375,1506,107,7,3,2,1
6875,9375,1507,108,7,3,2,1
7125,9375,1508,109,7,3,2,1
7375,9375,1509,110,7,3,2,1
7625,9375,1510,111,10,4,2,1
7875,9375,1511,112,10,4,2,1
8125,9375,1512,113,10,4,2,1
8375,9375,1513,114,10,4,2,1
8625,9375,1514,115,10,4,2,1
8875,9375,1515,116,10,4,2,1
9125,9375,1516,117,10,4,2,1
9375,9375,1517,118,10,4,2,1
9625,9375,1518,119,10,4,2,1
9875,9375,1519,120,10,4,2,1
125,9125,1440,121,3,1,1,1
375,9125,1441,122,3,1,1,1
625,9125,1442,123,3,1,1,1
875,9125,1443,124,3,1,1,1
1125,9125,1444,125,3,1,1,1
1375,9125,1445,126,3,1,1,1
1625,9125,1446,127,3,1,1,1
1875,9125,1447,128,3,1,1,1
2125,9125,1448,129,3,1,1,1
2375,9125,1449,130,3,1,1,1
2625,9125,1450,131,3,1,1,1
2875,9125,1451,132,3,1,1,1
3125,9125,1452,133,5,3,2,1
3375,9125,1453,134,5,3,2,1
3625,9125,1454,135,5,3,2,1
3875,9125,1455,136,5,3,2,1
4125,9125,1456,137,5,3,2,1
4375,9125,1457,138,5,3,2,1
4625,9125,1458,139,5,3,2,1
4875,9125,1459,140,5,3,2,1
5125,9125,1460,141,7,3,2,1
5375,9125,1461,142,7,3,2,1
5625,9125,1462,143,7,3,2,1
5875,9125,1463,144,7,3,2,1
6125,9125,1464,145,7,3,2,1
6375,9125,1465,146,7,3,2,1
6625,9125,1466,147,7,3,2,1
6875,9125,1467,148,7,3,2,1
7125,9125,1468,149,7,3,2,1
7375,9125,1469,150,7,3,2,1
7625,9125,1470,151,10,4,2,1
7875,9125,1471,152,10,4,2,1
8125,9125,1472,153,10,4,2,1
8375,9125,1473,154,10,4,2,1
8625,9125,1474,155,10,4,2,1
8875,9125,1475,156,10,4,2,1
9125,9125,1476,157,10,4,2,1
9375,9125,1477,158,10,4,2,1
9625,9125,1478,159,10,4,2,1
9875,9125,1479,160,10,4,2,1
125,8875,1400,161,3,1,1,1
375,8875,1401,162,3,1,1,1
625,8875,1402,163,3,1,1,1
875,8875,1403,164,3,1,1,1
1125,8875,1404,165,3,1,1,1
1375,8875,1405,166,3,1,1,1
1625,8875,1406,167,3,1,1,1
1875,8875,1407,168,3,1,1,1
2125,8875,1408,169,3,1,1,1
2375,8875,1409,170,3,1,1,1
2625,8875,1410,171,3,1,1,1
2875,8875,1411,172,3,1,1,1
3125,8875,1412,173,5,3,2,1
3375,8875,1413,174,5,3,2,1
3625,8875,1414,175,5,3,2,1
3875,8875,1415,176,5,3,2,1
4125,8875,1416,177,5,3,2,1
4375,8875,1417,178,5,3,2,1
4625,8875,1418,179,5,3,2,1
4875,8875,1419,180,5,3,2,1
5125,8875,1420,181,7,3,2,1
5375,8875,1421,182,7,3,2,1
5625,8875,1422,183,7,3,2,1
5875,8875,1423,184,7,3,2,1
6125,8875,1424,185,7,3,2,1
6375,8875,1425,186,7,3,2,1
6625,8875,1426,187,7,3,2,1
6875,8875,1427,188,7,3,2,1
7125,8875,1428,189,7,3,2,1
7375,8875,1429,190,7,3,2,1
7625,8875,1430,191,10,4,2,1
7875,8875,1431,192,10,4,2,1
8125,8875,1432,193,10,4,2,1
8375,8875,1433,194,10,4,2,1
8625,8875,1434,195,10,4,2,1
8875,8875,1435,196,10,4,2,1
9125,8875,1436,197,10,4,2,1
9375,8875,1437,198,10,4,2,1
9625,8875,1438,199,10,4,2,1
9875,8875,1439,200,10,4,2,1
125,8625,1360,201,3,1,1,1
375,8625,1361,202,3,1,1,1
625,8625,1362,203,3,1,1,1
875,8625,1363,204,3,1,1,1
1125,8625,1364,205,3,1,1,1
1375,8625,1365,206,3,1,1,1
1625,8625,1366,207,3,1,1,1
1875,8625,1367,208,3,1,1,1
2125,8625,1368,209,3,1,1,1
2375,8625,1369,210,3,1,1,1
2625,8625,1370,211,3,1,1,1
2875,8625,1371,212,3,1,1,1
3125,8625,1372,213,5,3,2,1
3375,8625,1373,214,5,3,2,1
3625,8625,1374,215,5,3,2,1
3875,8625,1375,216,5,3,2,1
4125,8625,1376,217,5,3,2,1
4375,8625,1377,218,5,3,2,1
4625,8625,1378,219,5,3,2,1
4875,8625,1379,220,5,3,2,1
5125,8625,1380,221,7,3,2,1
5375,8625,1381,222,7,3,2,1
5625,8625,1382,223,7,3,2,1
5875,8625,1383,224,7,3,2,1
6125,8625,1384,225,7,3,2,1
6375,8625,1385,226,7,3,2,1
6625,8625,1386,227,7,3,2,1
6875,8625,1387,228,7,3,2,1
7125,8625,1388,229,7,3,2,1
7375,8625,1389,230,7,3,2,1
7625,8625,1390,231,10,4,2,1
7875,8625,1391,232,10,4,2,1
8125,8625,1392,233,10,4,2,1
8375,8625,1393,234,10,4,2,1
8625,8625,1394,235,10,4,2,1
8875,8625,1395,236,10,4,2,1
9125,8625,1396,237,10,4,2,1
9375,8625,1397,238,10,4,2,1
9625,8625,1398,239,10,4,2,1
9875,8625,1399,240,10,4,2,1
125,8375,1320,241,3,1,1,1
375,8375,1321,242,3,1,1,1
625,8375,1322,243,3,1,1,1
875,8375,1323,244,3,1,1,1
1125,8375,1324,245,3,1,1,1
1375,8375,1325,246,3,1,1,1
1625,8375,1326,247,3,1,1,1
1875,8375,1327,248,3,1,1,1
2125,8375,1328,249,3,1,1,1
2375,8375,1329,250,3,1,1,1
2625,8375,1330,251,3,1,1,1
2875,8375,1331,252,3,1,1,1
3125,8375,1332,253,5,3,2,1
3375,8375,1333,254,5,3,2,1
3625,8375,1334,255,5,3,2,1
3875,8375,1335,256,5,3,2,1
4125,8375,1336,257,5,3,2,1
4375,8375,1337,258,5,3,2,1
4625,8375,1338,259,5,3,2,1
4875,8375,1339,260,5,3,2,1
5125,8375,1340,261,7,3,2,1
5375,8375,1341,262,7,3,2,1
5625,8375,1342,263,7,3,2,1
5875,8375,1343,264,7,3,2,1
6125,8375,1344,265,7,3,2,1
6375,8375,1345,266,7,3,2,1
6625,8375,1346,267,7,3,2,1
6875,8375,1347,268,7,3,2,1
7125,8375,1348,269,7,3,2,1
7375,8375,1349,270,7,3,2,1
7625,8375,1350,271,10,4,2,1
7875,8375,1351,272,10,4,2,1
8125,8375,1352,273,10,4,2,1
8375,8375,1353,274,10,4,2,1
8625,8375,1354,275,10,4,2,1
8875,8375,1355,276,10,4,2,1
9125,8375,1356,277,10,4,2,1
9375,8375,1357,278,10,4,2,1
9625,8375,1358,279,10,4,2,1
9875,8375,1359,280,10,4,2,1
125,8125,1280,281,3,1,1,1
375,8125,1281,282,3,1,1,1
625,8125,1282,283,3,1,1,1
875,8125,1283,284,3,1,1,1
1125,8125,1284,285,3,1,1,1
1375,8125,1285,286,3,1,1,1
1625,8125,1286,287,3,1,1,1
1875,8125,1287,288,3,1,1,1
2125,8125,1288,289,3,1,1,1
2375,8125,1289,290,3,1,1,1
2625,8125,1290,291,3,1,1,1
2875,8125,1291,292,3,1,1,1
3125,8125,1292,293,5,3,2,1
3375,8125,1293,294,5,3,2,1
3625,8125,1294,295,5,3,2,1
3875,8125,1295,296,5,3,2,1
4125,8125,1296,297,5,3,2,1
4375,8125,1297,298,5,3,2,1
4625,8125,1298,299,5,3,2,1
4875,8125,1299,300,5,3,2,1
5125,8125,1300,301,7,3,2,1
5375,8125,1301,302,7,3,2,1
5625,8125,1302,303,7,3,2,1
5875,8125,1303,304,7,3,2,1
6125,8125,1304,305,7,3,2,1
6375,8125,1305,306,7,3,2,1
6625,8125,1306,307,7,3,2,1
6875,8125,1307,308,7,3,2,1
7125,8125,1308,309,7,3,2,1
7375,8125,1309,310,7,3,2,1
7625,8125,1310,311,10,4,2,1
7875,8125,1311,312,10,4,2,1
8125,8125,1312,313,10,4,2,1
8375,8125,1313,314,10,4,2,1
8625,8125,1314,315,10,4,2,1
8875,8125,1315,316,10,4,2,1
9125,8125,1316,317,10,4,2,1
9375,8125,1317,318,10,4,2,1
9625,8125,1318,319,10,4,2,1
9875,8125,1319,320,10,4,2,1
125,7875,1240,321,3,1,1,1
375,7875,1241,322,3,1,1,1
625,7875,1242,323,3,1,1,1
875,7875,1243,324,3,1,1,1
1125,7875,1244,325,3,1,1,1
1375,7875,1245,326,3,1,1,1
1625,7875,1246,327,3,1,1,1
1875,7875,1247,328,3,1,1,1
2125,7875,1248,329,3,1,1,1
2375,7875,1249,330,3,1,1,1
2625,7875,1250,331,3,1,1,1
2875,7875,1251,332,3,1,1,1
3125,7875,1252,333,5,3,2,1
3375,7875,1253,334,5,3,2,1
3625,7875,1254,335,5,3,2,1
3875,7875,1255,336,5,3,2,1
4125,7875,1256,337,5,3,2,1
4375,7875,1257,338,5,3,2,1
4625,7875,1258,339,5,3,2,1
4875,7875,1259,340,5,3,2,1
5125,7875,1260,341,7,3,2,1
5375,7875,1261,342,7,3,2,1
5625,7875,1262,343,7,3,2,1
5875,7875,1263,344,7,3,2,1
6125,7875,1264,345,7,3,2,1
6375,7875,1265,346,7,3,2,1
6625,7875,1266,347,7,3,2,1
6875,7875,1267,348,7,3,2,1
7125,7875,1268,349,7,3,2,1
7375,7875,1269,350,7,3,2,1
7625,7875,1270,351,10,4,2,1
7875,7875,1271,352,10,4,2,1
8125,7875,1272,353,10,4,2,1
8375,7875,1273,354,10,4,2,1
8625,7875,1274,355,10,4,2,1
8875,7875,1275,356,10,4,2,1
9125,7875,1276,357,10,4,2,1
9375,7875,1277,358,10,4,2,1
9625,7875,1278,359,10,4,2,1
9875,7875,1279,360,10,4,2,1
125,7625,1200,361,3,1,1,1
375,7625,1201,362,3,1,1,1
625,7625,1202,363,3,1,1,1
875,7625,1203,364,3,1,1,1
1125,7625,1204,365,3,1,1,1
1375,7625,1205,366,3,1,1,1
1625,7625,1206,367,3,1,1,1
1875,7625,1207,368,3,1,1,1
2125,7625,1208,369,3,1,1,1
2375,7625,1209,370,3,1,1,1
2625,7625,1210,371,3,1,1,1
2875,7625,1211,372,3,1,1,1
3125,7625,1212,373,5,3,2,1
3375,7625,1213,374,5,3,2,1
3625,7625,1214,375,5,3,2,1
3875,7625,1215,376,5,3,2,1
4125,7625,1216,377,5,3,2,1
4375,7625,1217,378,5,3,2,1
4625,7625,1218,379,5,3,2,1
4875,7625,1219,380,5,3,2,1
5125,7625,1220,381,7,3,2,1
5375,7625,1221,382,7,3,2,1
5625,7625,1222,383,7,3,2,1
5875,7625,1223,384,7,3,2,1
6125,7625,1224,385,7,3,2,1
6375,7625,1225,386,7,3,2,1
6625,7625,1226,387,7,3,2,1
6875,7625,1227,388,7,3,2,1
7125,7625,1228,389,7,3,2,1
7375,7625,1229,390,7,3,2,1
7625,7625,1230,391,10,4,2,1
7875,7625,1231,392,10,4,2,1
8125,7625,1232,393,10,4,2,1
8375,7625,1233,394,10,4,2,1
8625,7625,1234,395,10,4,2,1
8875,7625,1235,396,10,4,2,1
9125,7625,1236,397,10,4,2,1
9375,7625,1237,398,10,4,2,1
9625,7625,1238,399,10,4,2,1
9875,7625,1239,400,10,4,2,1
125,7375,1160,401,3,1,1,1
375,7375,1161,402,3,1,1,1
625,7375,1162,403,3,1,1,1
875,7375,1163,404,3,1,1,1
1125,7375,1164,405,3,1,1,1
1375,7375,1165,406,3,1,1,1
1625,7375,1166,407,3,1,1,1
1875,7375,1167,408,3,1,1,1
2125,7375,1168,409,3,1,1,1
2375,7375,1169,410,3,1,1,1
2625,7375,1170,411,3,1,1,1
2875,7375,1171,412,3,1,1,1
3125,7375,1172,413,5,3,2,1
3375,7375,1173,414,5,3,2,1
3625,7375,1174,415,5,3,2,1
3875,7375,1175,416,5,3,2,1
4125,7375,1176,417,5,3,2,1
4375,7375,1177,418,5,3,2,1
4625,7375,1178,419,5,3,2,1
4875,7375,1179,420,5,3,2,1
5125,7375,1180,421,7,3,2,1
5375,7375,1181,422,7,3,2,1
5625,7375,1182,423,7,3,2,1
5875,7375,1183,424,7,3,2,1
6125,7375,1184,425,7,3,2,1
6375,7375,1185,426,7,3,2,1
6625,7375,1186,427,7,3,2,1
6875,7375,1187,428,7,3,2,1
7125,7375,1188,429,7,3,2,1
7375,7375,1189,430,7,3,2,1
7625,7375,1190,431,10,4,2,1
7875,7375,1191,432,10,4,2,1
8125,7375,1192,433,10,4,2,1
8375,7375,1193,434,10,4,2,1
8625,7375,1194,435,10,4,2,1
8875,7375,1195,436,10,4,2,1
9125,7375,1196,437,10,4,2,1
9375,7375,1197,438,10,4,2,1
9625,7375,1198,439,10,4,2,1
9875,7375,1199,440,10,4,2,1
125,7125,1120,441,3,1,1,1
375,7125,1121,442,3,1,1,1
625,7125,1122,443,3,1,1,1
875,7125,1123,444,3,1,1,1
1125,7125,1124,445,3,1,1,1
1375,7125,1125,446,3,1,1,1
1625,7125,1126,447,3,1,1,1
1875,7125,1127,448,3,1,1,1
2125,7125,1128,449,3,1,1,1
2375,7125,1129,450,3,1,1,1
2625,7125,1130,451,3,1,1,1
2875,7125,1131,452,3,1,1,1
3125,7125,1132,453,5,3,2,1
3375,7125,1133,454,5,3,2,1
3625,7125,1134,455,5,3,2,1
3875,7125,1135,456,5,3,2,1
4125,7125,1136,457,5,3,2,1
4375,7125,1137,458,5,3,2,1
4625,7125,1138,459,5,3,2,1
4875,7125,1139,460,5,3,2,1
5125,7125,1140,461,7,3,2,1
5375,7125,1141,462,7,3,2,1
5625,7125,1142,463,7,3,2,1
5875,7125,1143,464,7,3,2,1
6125,7125,1144,465,7,3,2,1
6375,7125,1145,466,7,3,2,1
6625,7125,1146,467,7,3,2,1
6875,7125,1147,468,7,3,2,1
7125,7125,1148,469,7,3,2,1
7375,7125,1149,470,7,3,2,1
7625,7125,1150,471,10,4,2,1
7875,7125,1151,472,10,4,2,1
8125,7125,1152,473,10,4,2,1
8375,7125,1153,474,10,4,2,1
8625,7125,1154,475,10,4,2,1
8875,7125,1155,476,10,4,2,1
9125,7125,1156,477,10,4,2,1
9375,7125,1157,478,10,4,2,1
9625,7125,1158,479,10,4,2,1
9875,7125,1159,480,10,4,2,1
125,6875,1080,481,3,1,1,1
375,6875,1081,482,3,1,1,1
625,6875,1082,483,3,1,1,1
875,6875,1083,484,3,1,1,1
1125,6875,1084,485,3,1,1,1
1375,6875,1085,486,3,1,1,1
1625,6875,1086,487,3,1,1,1
1875,6875,1087,488,3,1,1,1
2125,6875,1088,489,3,1,1,1
2375,6875,1089,490,3,1,1,1
2625,6875,1090,491,3,1,1,1
2875,6875,1091,492,3,1,1,1
3125,6875,1092,493,5,3,2,1
3375,6875,1093,494,5,3,2,1
3625,6875,1094,495,5,3,2,1
3875,6875,1095,496,5,3,2,1
4125,6875,1096,497,5,3,2,1
4375,6875,1097,498,5,3,2,1
4625,6875,1098,499,5,3,2,1
4875,6875,1099,500,5,3,2,1
5125,6875,1100,501,7,3,2,1
5375,6875,1101,502,7,3,2,1
5625,6875,1102,503,7,3,2,1
5875,6875,1103,504,7,3,2,1
6125,6875,1104,505,7,3,2,1
6375,6875,1105,506,7,3,2,1
6625,6875,1106,507,7,3,2,1
6875,6875,1107,508,7,3,2,1
7125,6875,1108,509,7,3,2,1
7375,6875,1109,510,7,3,2,1
7625,6875,1110,511,9,4,2,1
7875,6875,1111,512,9,4,2,1
8125,6875,1112,513,9,4,2,1
8375,6875,1113,514,9,4,2,1
8625,6875,1114,515,9,4,2,1
8875,6875,1115,516,9,4,2,1
9125,6875,1116,517,9,4,2,1
9375,6875,1117,518,9,4,2,1
9625,6875,1118,519,9,4,2,1
9875,6875,1119,520,9,4,2,1
125,6625,1040,521,3,1,1,1
375,6625,1041,522,3,1,1,1
625,6625,1042,523,3,1,1,1
875,6625,1043,524,3,1,1,1
1125,6625,1044,525,3,1,1,1
1375,6625,1045,526,3,1,1,1
1625,6625,1046,527,3,1,1,1
1875,6625,1047,528,3,1,1,1
2125,6625,1048,529,3,1,1,1
2375,6625,1049,530,3,1,1,1
2625,6625,1050,531,3,1,1,1
2875,6625,1051,532,3,1,1,1
3125,6625,1052,533,5,3,2,1
3375,6625,1053,534,5,3,2,1
3625,6625,1054,535,5,3,2,1
3875,6625,1055,536,5,3,2,1
4125,6625,1056,537,5,3,2,1
4375,6625,1057,538,5,3,2,1
4625,6625,1058,539,5,3,2,1
4875,6625,1059,540,5,3,2,1
5125,6625,1060,541,7,3,2,1
5375,6625,1061,542,7,3,2,1
5625,6625,1062,543,7,3,2,1
5875,6625,1063,544,7,3,2,1
6125,6625,1064,545,7,3,2,1
6375,6625,1065,546,7,3,2,1
6625,6625,1066,547,7,3,2,1
6875,6625,1067,548,7,3,2,1
7125,6625,1068,549,7,3,2,1
7375,6625,1069,550,7,3,2,1
7625,6625,1070,551,9,4,2,1
7875,6625,1071,552,9,4,2,1
8125,6625,1072,553,9,4,2,1
8375,6625,1073,554,9,4,2,1
8625,6625,1074,555,9,4,2,1
8875,6625,1075,556,9,4,2,1
9125,6625,1076,557,9,4,2,1
9375,6625,1077,558,9,4,2,1
9625,6625,1078,559,9,4,2,1
9875,6625,1079,560,9,4,2,1
125,6375,1000,561,3,1,1,1
375,6375,1001,562,3,1,1,1
625,6375,1002,563,3,1,1,1
875,6375,1003,564,3,1,1,1
1125,6375,1004,565,3,1,1,1
1375,6375,1005,566,3,1,1,1
1625,6375,1006,567,3,1,1,1
1875,6375,1007,568,3,1,1,1
2125,6375,1008,569,3,1,1,1
2375,6375,1009,570,3,1,1,1
2625,6375,1010,571,3,1,1,1
2875,6375,1011,572,3,1,1,1
3125,6375,1012,573,5,3,2,1
3375,6375,1013,574,5,3,2,1
3625,6375,1014,575,5,3,2,1
3875,6375,1015,576,5,3,2,1
4125,6375,1016,577,5,3,2,1
4375,6375,1017,578,5,3,2,1
4625,6375,1018,579,5,3,2,1
4875,6375,1019,580,5,3,2,1
5125,6375,1020,581,7,3,2,1
5375,6375,1021,582,7,3,2,1
5625,6375,1022,583,7,3,2,1
5875,6375,1023,584,7,3,2,1
6125,6375,1024,585,7,3,2,1
6375,6375,1025,586,7,3,2,1
6625,6375,1026,587,7,3,2,1
6875,6375,1027,588,7,3,2,1
7125,6375,1028,589,7,3,2,1
7375,6375,1029,590,7,3,2,1
7625,6375,1030,591,9,4,2,1
7875,6375,1031,592,9,4,2,1
8125,6375,1032,593,9,4,2,1
8375,6375,1033,594,9,4,2,1
8625,6375,1034,595,9,4,2,1
8875,6375,1035,596,9,4,2,1
9125,6375,1036,597,9,4,2,1
9375,6375,1037,598,9,4,2,1
9625,6375,1038,599,9,4,2,1
9875,6375,1039,600,9,4,2,1
125,6125,960,601,3,1,1,1
375,6125,961,602,3,1,1,1
625,6125,962,603,3,1,1,1
875,6125,963,604,3,1,1,1
1125,6125,964,605,3,1,1,1
1375,6125,965,606,3,1,1,1
1625,6125,966,607,3,1,1,1
1875,6125,967,608,3,1,1,1
2125,6125,968,609,3,1,1,1
2375,6125,969,610,3,1,1,1
2625,6125,970,611,3,1,1,1
2875,6125,971,612,3,1,1,1
3125,6125,972,613,5,3,2,1
3375,6125,973,614,5,3,2,1
3625,6125,974,615,5,3,2,1
3875,6125,975,616,5,3,2,1
4125,6125,976,617,5,3,2,1
4375,6125,977,618,5,3,2,1
4625,6125,978,619,5,3,2,1
4875,6125,979,620,5,3,2,1
5125,6125,980,621,7,3,2,1
5375,6125,981,622,7,3,2,1
5625,6125,982,623,7,3,2,1
5875,6125,983,624,7,3,2,1
6125,6125,984,625,7,3,2,1
6375,6125,985,626,7,3,2,1
6625,6125,986,627,7,3,2,1
6875,6125,987,628,7,3,2,1
7125,6125,988,629,7,3,2,1
7375,6125,989,630,7,3,2,1
7625,6125,990,631,9,4,2,1
7875,6125,991,632,9,4,2,1
8125,6125,992,633,9,4,2,1
8375,6125,993,634,9,4,2,1
8625,6125,994,635,9,4,2,1
8875,6125,995,636,9,4,2,1
9125,6125,996,637,9,4,2,1
9375,6125,997,638,9,4,2,1
9625,6125,998,639,9,4,2,1
9875,6125,999,640,9,4,2,1
125,5875,920,641,2,1,1,1
375,5875,921,642,2,1,1,1
625,5875,922,643,2,1,1,1
875,5875,923,644,2,1,1,1
1125,5875,924,645,2,1,1,1
1375,5875,925,646,2,1,1,1
1625,5875,926,647,2,1,1,1
1875,5875,927,648,2,1,1,1
2125,5875,928,649,2,1,1,1
2375,5875,929,650,2,1,1,1
2625,5875,930,651,2,1,1,1
2875,5875,931,652,2,1,1,1
3125,5875,932,653,5,3,2,1
3375,5875,933,654,5,3,2,1
3625,5875,934,655,5,3,2,1
3875,5875,935,656,5,3,2,1
4125,5875,936,657,5,3,2,1
4375,5875,937,658,5,3,2,1
4625,5875,938,659,5,3,2,1
4875,5875,939,660,5,3,2,1
5125,5875,940,661,7,3,2,1
5375,5875,941,662,7,3,2,1
5625,5875,942,663,7,3,2,1
5875,5875,943,664,7,3,2,1
6125,5875,944,665,7,3,2,1
6375,5875,945,666,7,3,2,1
6625,5875,946,667,7,3,2,1
6875,5875,947,668,7,3,2,1
7125,5875,948,669,7,3,2,1
7375,5875,949,670,7,3,2,1
7625,5875,950,671,9,4,2,1
7875,5875,951,672,9,4,2,1
8125,5875,952,673,9,4,2,1
8375,5875,953,674,9,4,2,1
8625,5875,954,675,9,4,2,1
8875,5875,955,676,9,4,2,1
9125,5875,956,677,9,4,2,1
9375,5875,957,678,9,4,2,1
9625,5875,958,679,9,4,2,1
9875,5875,959,680,9,4,2,1
125,5625,880,681,2,1,1,1
375,5625,881,682,2,1,1,1
625,5625,882,683,2,1,1,1
875,5625,883,684,2,1,1,1
1125,5625,884,685,2,1,1,1
1375,5625,885,686,2,1,1,1
1625,5625,886,687,2,1,1,1
1875,5625,887,688,2,1,1,1
2125,5625,888,689,2,1,1,1
2375,5625,889,690,2,1,1,1
2625,5625,890,691,2,1,1,1
2875,5625,891,692,2,1,1,1
3125,5625,892,693,5,3,2,1
3375,5625,893,694,5,3,2,1
3625,5625,894,695,5,3,2,1
3875,5625,895,696,5,3,2,1
4125,5625,896,697,5,3,2,1
4375,5625,897,698,5,3,2,1
4625,5625,898,699,5,3,2,1
4875,5625,899,700,5,3,2,1
5125,5625,900,701,7,3,2,1
5375,5625,901,702,7,3,2,1
5625,5625,902,703,7,3,2,1
5875,5625,903,704,7,3,2,1
6125,5625,904,705,7,3,2,1
6375,5625,905,706,7,3,2,1
6625,5625,906,707,7,3,2,1
6875,5625,907,708,7,3,2,1
7125,5625,908,709,7,3,2,1
7375,5625,909,710,7,3,2,1
7625,5625,910,711,9,4,2,1
7875,5625,911,712,9,4,2,1
8125,5625,912,713,9,4,2,1
8375,5625,913,714,9,4,2,1
8625,5625,914,715,9,4,2,1
8875,5625,915,716,9,4,2,1
9125,5625,916,717,9,4,2,1
9375,5625,917,718,9,4,2,1
9625,5625,918,719,9,4,2,1
9875,5625,919,720,9,4,2,1
125,5375,840,721,2,1,1,1
375,5375,841,722,2,1,1,1
625,5375,842,723,2,1,1,1
875,5375,843,724,2,1,1,1
1125,5375,844,725,2,1,1,1
1375,5375,845,726,2,1,1,1
1625,5375,846,727,2,1,1,1
1875,5375,847,728,2,1,1,1
2125,5375,848,729,2,1,1,1
2375,5375,849,730,2,1,1,1
2625,5375,850,731,2,1,1,1
2875,5375,851,732,2,1,1,1
3125,5375,852,733,5,3,2,1
3375,5375,853,734,5,3,2,1
3625,5375,854,735,5,3,2,1
3875,5375,855,736,5,3,2,1
4125,5375,856,737,5,3,2,1
4375,5375,857,738,5,3,2,1
4625,5375,858,739,5,3,2,1
4875,5375,859,740,5,3,2,1
5125,5375,860,741,7,3,2,1
5375,5375,861,742,7,3,2,1
5625,5375,862,743,7,3,2,1
5875,5375,863,744,7,3,2,1
6125,5375,864,745,7,3,2,1
6375,5375,865,746,7,3,2,1
6625,5375,866,747,7,3,2,1
6875,5375,867,748,7,3,2,1
7125,5375,868,749,7,3,2,1
7375,5375,869,750,7,3,2,1
7625,5375,870,751,9,4,2,1
7875,5375,871,752,9,4,2,1
8125,5375,872,753,9,4,2,1
8375,5375,873,754,9,4,2,1
8625,5375,874,755,9,4,2,1
8875,5375,875,756,9,4,2,1
9125,5375,876,757,9,4,2,1
9375,5375,877,758,9,4,2,1
9625,5375,878,759,9,4,2,1
9875,5375,879,760,9,4,2,1
125,5125,800,761,2,1,1,1
375,5125,801,762,2,1,1,1
625,5125,802,763,2,1,1,1
875,5125,803,764,2,1,1,1
1125,5125,804,765,2,1,1,1
1375,5125,805,766,2,1,1,1
1625,5125,806,767,2,1,1,1
1875,5125,807,768,2,1,1,1
2125,5125,808,769,2,1,1,1
2375,5125,809,770,2,1,1,1
2625,5125,810,771,2,1,1,1
2875,5125,811,772,2,1,1,1
3125,5125,812,773,5,3,2,1
3375,5125,813,774,5,3,2,1
3625,5125,814,775,5,3,2,1
3875,5125,815,776,5,3,2,1
4125,5125,816,777,5,3,2,1
4375,5125,817,778,5,3,2,1
4625,5125,818,779,5,3,2,1
4875,5125,819,780,5,3,2,1
5125,5125,820,781,7,3,2,1
5375,5125,821,782,7,3,2,1
5625,5125,822,783,7,3,2,1
5875,5125,823,784,7,3,2,1
6125,5125,824,785,7,3,2,1
6375,5125,825,786,7,3,2,1
6625,5125,826,787,7,3,2,1
6875,5125,827,788,7,3,2,1
7125,5125,828,789,7,3,2,1
7375,5125,829,790,7,3,2,1
7625,5125,830,791,9,4,2,1
7875,5125,831,792,9,4,2,1
8125,5125,832,793,9,4,2,1
8375,5125,833,794,9,4,2,1
8625,5125,834,795,9,4,2,1
8875,5125,835,796,9,4,2,1
9125,5125,836,797,9,4,2,1
9375,5125,837,798,9,4,2,1
9625,5125,838,799,9,4,2,1
9875,5125,839,800,9,4,2,1
125,4875,760,801,2,1,1,1
375,4875,761,802,2,1,1,1
625,4875,762,803,2,1,1,1
875,4875,763,804,2,1,1,1
1125,4875,764,805,2,1,1,1
1375,4875,765,806,2,1,1,1
1625,4875,766,807,2,1,1,1
1875,4875,767,808,2,1,1,1
2125,4875,768,809,2,1,1,1
2375,4875,769,810,2,1,1,1
2625,4875,770,811,2,1,1,1
2875,4875,771,812,2,1,1,1
3125,4875,772,813,4,2,1,1
3375,4875,773,814,4,2,1,1
3625,4875,774,815,4,2,1,1
3875,4875,775,816,4,2,1,1
4125,4875,776,817,4,2,1,1
4375,4875,777,818,4,2,1,1
4625,4875,778,819,4,2,1,1
4875,4875,779,820,4,2,1,1
5125,4875,780,821,6,2,1,1
5375,4875,781,822,6,2,1,1
5625,4875,782,823,6,2,1,1
5875,4875,783,824,6,2,1,1
6125,4875,784,825,6,2,1,1
6375,4875,785,826,6,2,1,1
6625,4875,786,827,6,2,1,1
6875,4875,787,828,6,2,1,1
7125,4875,788,829,6,2,1,1
7375,4875,789,830,6,2,1,1
7625,4875,790,831,9,4,2,1
7875,4875,791,832,9,4,2,1
8125,4875,792,833,9,4,2,1
8375,4875,793,834,9,4,2,1
8625,4875,794,835,9,4,2,1
8875,4875,795,836,9,4,2,1
9125,4875,796,837,9,4,2,1
9375,4875,797,838,9,4,2,1
9625,4875,798,839,9,4,2,1
9875,4875,799,840,9,4,2,1
125,4625,720,841,2,1,1,1
375,4625,721,842,2,1,1,1
625,4625,722,843,2,1,1,1
875,4625,723,844,2,1,1,1
1125,4625,724,845,2,1,1,1
1375,4625,725,846,2,1,1,1
1625,4625,726,847,2,1,1,1
1875,4625,727,848,2,1,1,1
2125,4625,728,849,2,1,1,1
2375,4625,729,850,2,1,1,1
2625,4625,730,851,2,1,1,1
2875,4625,731,852,2,1,1,1
3125,4625,732,853,4,2,1,1
3375,4625,733,854,4,2,1,1
3625,4625,734,855,4,2,1,1
3875,4625,735,856,4,2,1,1
4125,4625,736,857,4,2,1,1
4375,4625,737,858,4,2,1,1
4625,4625,738,859,4,2,1,1
4875,4625,739,860,4,2,1,1
5125,4625,740,861,6,2,1,1
5375,4625,741,862,6,2,1,1
5625,4625,742,863,6,2,1,1
5875,4625,743,864,6,2,1,1
6125,4625,744,865,6,2,1,1
6375,4625,745,866,6,2,1,1
6625,4625,746,867,6,2,1,1
6875,4625,747,868,6,2,1,1
7125,4625,748,869,6,2,1,1
7375,4625,749,870,6,2,1,1
7625,4625,750,871,9,4,2,1
7875,4625,751,872,9,4,2,1
8125,4625,752,873,9,4,2,1
8375,4625,753,874,9,4,2,1
8625,4625,754,875,9,4,2,1
8875,4625,755,876,9,4,2,1
9125,4625,756,877,9,4,2,1
9375,4625,757,878,9,4,2,1
9625,4625,758,879,9,4,2,1
9875,4625,759,880,9,4,2,1
125,4375,680,881,2,1,1,1
375,4375,681,882,2,1,1,1
625,4375,682,883,2,1,1,1
875,4375,683,884,2,1,1,1
1125,4375,684,885,2,1,1,1
1375,4375,685,886,2,1,1,1
1625,4375,686,887,2,1,1,1
1875,4375,687,888,2,1,1,1
2125,4375,688,889,2,1,1,1
2375,4375,689,890,2,1,1,1
2625,4375,690,891,2,1,1,1
2875,4375,691,892,2,1,1,1
3125,4375,692,893,4,2,1,1
3375,4375,693,894,4,2,1,1
3625,4375,694,895,4,2,1,1
3875,4375,695,896,4,2,1,1
4125,4375,696,897,4,2,1,1
4375,4375,697,898,4,2,1,1
4625,4375,698,899,4,2,1,1
4875,4375,699,900,4,2,1,1
5125,4375,700,901,6,2,1,1
5375,4375,701,902,6,2,1,1
5625,4375,702,903,6,2,1,1
5875,4375,703,904,6,2,1,1
6125,4375,704,905,6,2,1,1
6375,4375,705,906,6,2,1,1
6625,4375,706,907,6,2,1,1
6875,4375,707,908,6,2,1,1
7125,4375,708,909,6,2,1,1
7375,4375,709,910,6,2,1,1
7625,4375,710,911,9,4,2,1
7875,4375,711,912,9,4,2,1
8125,4375,712,913,9,4,2,1
8375,4375,713,914,9,4,2,1
8625,4375,714,915,9,4,2,1
8875,4375,715,916,9,4,2,1
9125,4375,716,917,9,4,2,1
9375,4375,717,918,9,4,2,1
9625,4375,718,919,9,4,2,1
9875,4375,719,920,9,4,2,1
125,4125,640,921,2,1,1,1
375,4125,641,922,2,1,1,1
625,4125,642,923,2,1,1,1
875,4125,643,924,2,1,1,1
1125,4125,644,925,2,1,1,1
1375,4125,645,926,2,1,1,1
1625,4125,646,927,2,1,1,1
1875,4125,647,928,2,1,1,1
2125,4125,648,929,2,1,1,1
2375,4125,649,930,2,1,1,1
2625,4125,650,931,2,1,1,1
2875,4125,651,932,2,1,1,1
3125,4125,652,933,4,2,1,1
3375,4125,653,934,4,2,1,1
3625,4125,654,935,4,2,1,1
3875,4125,655,936,4,2,1,1
4125,4125,656,937,4,2,1,1
4375,4125,657,938,4,2,1,1
4625,4125,658,939,4,2,1,1
4875,4125,659,940,4,2,1,1
5125,4125,660,941,6,2,1,1
5375,4125,661,942,6,2,1,1
5625,4125,662,943,6,2,1,1
5875,4125,663,944,6,2,1,1
6125,4125,664,945,6,2,1,1
6375,4125,665,946,6,2,1,1
6625,4125,666,947,6,2,1,1
6875,4125,667,948,6,2,1,1
7125,4125,668,949,6,2,1,1
7375,4125,669,950,6,2,1,1
7625,4125,670,951,9,4,2,1
7875,4125,671,952,9,4,2,1
8125,4125,672,953,9,4,2,1
8375,4125,673,954,9,4,2,1
8625,4125,674,955,9,4,2,1
8875,4125,675,956,9,4,2,1
9125,4125,676,957,9,4,2,1
9375,4125,677,958,9,4,2,1
9625,4125,678,959,9,4,2,1
9875,4125,679,960,9,4,2,1
125,3875,600,961,2,1,1,1
375,3875,601,962,2,1,1,1
625,3875,602,963,2,1,1,1
875,3875,603,964,2,1,1,1
1125,3875,604,965,2,1,1,1
1375,3875,605,966,2,1,1,1
1625,3875,606,967,2,1,1,1
1875,3875,607,968,2,1,1,1
2125,3875,608,969,2,1,1,1
2375,3875,609,970,2,1,1,1
2625,3875,610,971,2,1,1,1
2875,3875,611,972,2,1,1,1
3125,3875,612,973,4,2,1,1
3375,3875,613,974,4,2,1,1
3625,3875,614,975,4,2,1,1
3875,3875,615,976,4,2,1,1
4125,3875,616,977,4,2,1,1
4375,3875,617,978,4,2,1,1
4625,3875,618,979,4,2,1,1
4875,3875,619,980,4,2,1,1
5125,3875,620,981,6,2,1,1
5375,3875,621,982,6,2,1,1
5625,3875,622,983,6,2,1,1
5875,3875,623,984,6,2,1,1
6125,3875,624,985,6,2,1,1
6375,3875,625,986,6,2,1,1
6625,3875,626,987,6,2,1,1
6875,3875,627,988,6,2,1,1
7125,3875,628,989,6,2,1,1
7375,3875,629,990,6,2,1,1
7625,3875,630,991,9,4,2,1
7875,3875,631,992,9,4,2,1
8125,3875,632,993,9,4,2,1
8375,3875,633,994,9,4,2,1
8625,3875,634,995,9,4,2,1
8875,3875,635,996,9,4,2,1
9125,3875,636,997,9,4,2,1
9375,3875,637,998,9,4,2,1
9625,3875,638,999,9,4,2,1
9875,3875,639,1000,9,4,2,1
125,3625,560,1001,2,1,1,1
375,3625,561,1002,2,1,1,1
625,3625,562,1003,2,1,1,1
875,3625,563,1004,2,1,1,1
1125,3625,564,1005,2,1,1,1
1375,3625,565,1006,2,1,1,1
1625,3625,566,1007,2,1,1,1
1875,3625,567,1008,2,1,1,1
2125,3625,568,1009,2,1,1,1
2375,3625,569,1010,2,1,1,1
2625,3625,570,1011,2,1,1,1
2875,3625,571,1012,2,1,1,1
3125,3625,572,1013,4,2,1,1
3375,3625,573,1014,4,2,1,1
3625,3625,574,1015,4,2,1,1
3875,3625,575,1016,4,2,1,1
4125,3625,576,1017,4,2,1,1
4375,3625,577,1018,4,2,1,1
4625,3625,578,1019,4,2,1,1
4875,3625,579,1020,4,2,1,1
5125,3625,580,1021,6,2,1,1
5375,3625,581,1022,6,2,1,1
5625,3625,582,1023,6,2,1,1
5875,3625,583,1024,6,2,1,1
6125,3625,584,1025,6,2,1,1
6375,3625,585,1026,6,2,1,1
6625,3625,586,1027,6,2,1,1
6875,3625,587,1028,6,2,1,1
7125,3625,588,1029,6,2,1,1
7375,3625,589,1030,6,2,1,1
7625,3625,590,1031,9,4,2,1
7875,3625,591,1032,9,4,2,1
8125,3625,592,1033,9,4,2,1
8375,3625,593,1034,9,4,2,1
8625,3625,594,1035,9,4,2,1
8875,3625,595,1036,9,4,2,1
9125,3625,596,1037,9,4,2,1
9375,3625,597,1038,9,4,2,1
9625,3625,598,1039,9,4,2,1
9875,3625,599,1040,9,4,2,1
125,3375,520,1041,1,1,1,1
375,3375,521,1042,1,1,1,1
625,3375,522,1043,1,1,1,1
875,3375,523,1044,1,1,1,1
1125,3375,524,1045,1,1,1,1
1375,3375,525,1046,1,1,1,1
1625,3375,526,1047,1,1,1,1
1875,3375,527,1048,1,1,1,1
2125,3375,528,1049,1,1,1,1
2375,3375,529,1050,1,1,1,1
2625,3375,530,1051,1,1,1,1
2875,3375,531,1052,1,1,1,1
3125,3375,532,1053,4,2,1,1
3375,3375,533,1054,4,2,1,1
3625,3375,534,1055,4,2,1,1
3875,3375,535,1056,4,2,1,1
4125,3375,536,1057,4,2,1,1
4375,3375,537,1058,4,2,1,1
4625,3375,538,1059,4,2,1,1
4875,3375,539,1060,4,2,1,1
5125,3375,540,1061,6,2,1,1
5375,3375,541,1062,6,2,1,1
5625,3375,542,1063,6,2,1,1
5875,3375,543,1064,6,2,1,1
6125,3375,544,1065,6,2,1,1
6375,3375,545,1066,6,2,1,1
6625,3375,546,1067,6,2,1,1
6875,3375,547,1068,6,2,1,1
7125,3375,548,1069,6,2,1,1
7375,3375,549,1070,6,2,1,1
7625,3375,550,1071,9,4,2,1
7875,3375,551,1072,9,4,2,1
8125,3375,552,1073,9,4,2,1
8375,3375,553,1074,9,4,2,1
8625,3375,554,1075,9,4,2,1
8875,3375,555,1076,9,4,2,1
9125,3375,556,1077,9,4,2,1
9375,3375,557,1078,9,4,2,1
9625,3375,558,1079,9,4,2,1
9875,3375,559,1080,9,4,2,1
125,3125,480,1081,1,1,1,1
375,3125,481,1082,1,1,1,1
625,3125,482,1083,1,1,1,1
875,3125,483,1084,1,1,1,1
1125,3125,484,1085,1,1,1,1
1375,3125,485,1086,1,1,1,1
1625,3125,486,1087,1,1,1,1
1875,3125,487,1088,1,1,1,1
2125,3125,488,1089,1,1,1,1
2375,3125,489,1090,1,1,1,1
2625,3125,490,1091,1,1,1,1
2875,3125,491,1092,1,1,1,1
3125,3125,492,1093,4,2,1,1
3375,3125,493,1094,4,2,1,1
3625,3125,494,1095,4,2,1,1
3875,3125,495,1096,4,2,1,1
4125,3125,496,1097,4,2,1,1
4375,3125,497,1098,4,2,1,1
4625,3125,498,1099,4,2,1,1
4875,3125,499,1100,4,2,1,1
5125,3125,500,1101,6,2,1,1
5375,3125,501,1102,6,2,1,1
5625,3125,502,1103,6,2,1,1
5875,3125,503,1104,6,2,1,1
6125,3125,504,1105,6,2,1,1
6375,3125,505,1106,6,2,1,1
6625,3125,506,1107,6,2,1,1
6875,3125,507,1108,6,2,1,1
7125,3125,508,1109,6,2,1,1
7375,3125,509,1110,6,2,1,1
7625,3125,510,1111,9,4,2,1
7875,3125,511,1112,9,4,2,1
8125,3125,512,1113,9,4,2,1
8375,3125,513,1114,9,4,2,1
8625,3125,514,1115,9,4,2,1
8875,3125,515,1116,9,4,2,1
9125,3125,516,1117,9,4,2,1
9375,3125,517,1118,9,4,2,1
9625,3125,518,1119,9,4,2,1
9875,3125,519,1120,9,4,2,1
125,2875,440,1121,1,1,1,1
375,2875,441,1122,1,1,1,1
625,2875,442,1123,1,1,1,1
875,2875,443,1124,1,1,1,1
1125,2875,444,1125,1,1,1,1
1375,2875,445,1126,1,1,1,1
1625,2875,446,1127,1,1,1,1
1875,2875,447,1128,1,1,1,1
2125,2875,448,1129,1,1,1,1
2375,2875,449,1130,1,1,1,1
2625,2875,450,1131,1,1,1,1
2875,2875,451,1132,1,1,1,1
3125,2875,452,1133,4,2,1,1
3375,2875,453,1134,4,2,1,1
3625,2875,454,1135,4,2,1,1
3875,2875,455,1136,4,2,1,1
4125,2875,456,1137,4,2,1,1
4375,2875,457,1138,4,2,1,1
4625,2875,458,1139,4,2,1,1
4875,2875,459,1140,4,2,1,1
5125,2875,460,1141,6,2,1,1
5375,2875,461,1142,6,2,1,1
5625,2875,462,1143,6,2,1,1
5875,2875,463,1144,6,2,1,1
6125,2875,464,1145,6,2,1,1
6375,2875,465,1146,6,2,1,1
6625,2875,466,1147,6,2,1,1
6875,2875,467,1148,6,2,1,1
7125,2875,468,1149,6,2,1,1
7375,2875,469,1150,6,2,1,1
7625,2875,470,1151,9,4,2,1
7875,2875,471,1152,9,4,2,1
8125,2875,472,1153,9,4,2,1
8375,2875,473,1154,9,4,2,1
8625,2875,474,1155,9,4,2,1
8875,2875,475,1156,9,4,2,1
9125,2875,476,1157,9,4,2,1
9375,2875,477,1158,9,4,2,1
9625,2875,478,1159,9,4,2,1
9875,2875,479,1160,9,4,2,1
125,2625,400,1161,1,1,1,1
375,2625,401,1162,1,1,1,1
625,2625,402,1163,1,1,1,1
875,2625,403,1164,1,1,1,1
1125,2625,404,1165,1,1,1,1
1375,2625,405,1166,1,1,1,1
1625,2625,406,1167,1,1,1,1
1875,2625,407,1168,1,1,1,1
2125,2625,408,1169,1,1,1,1
2375,2625,409,1170,1,1,1,1
2625,2625,410,1171,1,1,1,1
2875,2625,411,1172,1,1,1,1
3125,2625,412,1173,4,2,1,1
3375,2625,413,1174,4,2,1,1
3625,2625,414,1175,4,2,1,1
3875,2625,415,1176,4,2,1,1
4125,2625,416,1177,4,2,1,1
4375,2625,417,1178,4,2,1,1
4625,2625,418,1179,4,2,1,1
4875,2625,419,1180,4,2,1,1
5125,2625,420,1181,6,2,1,1
5375,2625,421,1182,6,2,1,1
5625,2625,422,1183,6,2,1,1
5875,2625,423,1184,6,2,1,1
6125,2625,424,1185,6,2,1,1
6375,2625,425,1186,6,2,1,1
6625,2625,426,1187,6,2,1,1
6875,2625,427,1188,6,2,1,1
7125,2625,428,1189,6,2,1,1
7375,2625,429,1190,6,2,1,1
7625,2625,430,1191,9,4,2,1
7875,2625,431,1192,9,4,2,1
8125,2625,432,1193,9,4,2,1
8375,2625,433,1194,9,4,2,1
8625,2625,434,1195,9,4,2,1
8875,2625,435,1196,9,4,2,1
9125,2625,436,1197,9,4,2,1
9375,2625,437,1198,9,4,2,1
9625,2625,438,1199,9,4,2,1
9875,2625,439,1200,9,4,2,1
125,2375,360,1201,1,1,1,1
375,2375,361,1202,1,1,1,1
625,2375,362,1203,1,1,1,1
875,2375,363,1204,1,1,1,1
1125,2375,364,1205,1,1,1,1
1375,2375,365,1206,1,1,1,1
1625,2375,366,1207,1,1,1,1
1875,2375,367,1208,1,1,1,1
2125,2375,368,1209,1,1,1,1
2375,2375,369,1210,1,1,1,1
2625,2375,370,1211,1,1,1,1
2875,2375,371,1212,1,1,1,1
3125,2375,372,1213,4,2,1,1
3375,2375,373,1214,4,2,1,1
3625,2375,374,1215,4,2,1,1
3875,2375,375,1216,4,2,1,1
4125,2375,376,1217,4,2,1,1
4375,2375,377,1218,4,2,1,1
4625,2375,378,1219,4,2,1,1
4875,2375,379,1220,4,2,1,1
5125,2375,380,1221,6,2,1,1
5375,2375,381,1222,6,2,1,1
5625,2375,382,1223,6,2,1,1
5875,2375,383,1224,6,2,1,1
6125,2375,384,1225,6,2,1,1
6375,2375,385,1226,6,2,1,1
6625,2375,386,1227,6,2,1,1
6875,2375,387,1228,6,2,1,1
7125,2375,388,1229,6,2,1,1
7375,2375,389,1230,6,2,1,1
7625,2375,390,1231,9,4,2,1
7875,2375,391,1232,9,4,2,1
8125,2375,392,1233,9,4,2,1
8375,2375,393,1234,9,4,2,1
8625,2375,394,1235,9,4,2,1
8875,2375,395,1236,9,4,2,1
9125,2375,396,1237,9,4,2,1
9375,2375,397,1238,9,4,2,1
9625,2375,398,1239,9,4,2,1
9875,2375,399,1240,9,4,2,1
125,2125,320,1241,1,1,1,1
375,2125,321,1242,1,1,1,1
625,2125,322,1243,1,1,1,1
875,2125,323,1244,1,1,1,1
1125,2125,324,1245,1,1,1,1
1375,2125,325,1246,1,1,1,1
1625,2125,326,1247,1,1,1,1
1875,2125,327,1248,1,1,1,1
2125,2125,328,1249,1,1,1,1
2375,2125,329,1250,1,1,1,1
2625,2125,330,1251,1,1,1,1
2875,2125,331,1252,1,1,1,1
3125,2125,332,1253,4,2,1,1
3375,2125,333,1254,4,2,1,1
3625,2125,334,1255,4,2,1,1
3875,2125,335,1256,4,2,1,1
4125,2125,336,1257,4,2,1,1
4375,2125,337,1258,4,2,1,1
4625,2125,338,1259,4,2,1,1
4875,2125,339,1260,4,2,1,1
5125,2125,340,1261,6,2,1,1
5375,2125,341,1262,6,2,1,1
5625,2125,342,1263,6,2,1,1
5875,2125,343,1264,6,2,1,1
6125,2125,344,1265,6,2,1,1
6375,2125,345,1266,6,2,1,1
6625,2125,346,1267,6,2,1,1
6875,2125,347,1268,6,2,1,1
7125,2125,348,1269,6,2,1,1
7375,2125,349,1270,6,2,1,1
7625,2125,350,1271,9,4,2,1
7875,2125,351,1272,9,4,2,1
8125,2125,352,1273,9,4,2,1
8375,2125,353,1274,9,4,2,1
8625,2125,354,1275,9,4,2,1
8875,2125,355,1276,9,4,2,1
9125,2125,356,1277,9,4,2,1
9375,2125,357,1278,9,4,2,1
9625,2125,358,1279,9,4,2,1
9875,2125,359,1280,9,4,2,1
125,1875,280,1281,1,1,1,1
375,1875,281,1282,1,1,1,1
625,1875,282,1283,1,1,1,1
875,1875,283,1284,1,1,1,1
1125,1875,284,1285,1,1,1,1
1375,1875,285,1286,1,1,1,1
1625,1875,286,1287,1,1,1,1
1875,1875,287,1288,1,1,1,1
2125,1875,288,1289,1,1,1,1
2375,1875,289,1290,1,1,1,1
2625,1875,290,1291,1,1,1,1
2875,1875,291,1292,1,1,1,1
3125,1875,292,1293,4,2,1,1
3375,1875,293,1294,4,2,1,1
3625,1875,294,1295,4,2,1,1
3875,1875,295,1296,4,2,1,1
4125,1875,296,1297,4,2,1,1
4375,1875,297,1298,4,2,1,1
4625,1875,298,1299,4,2,1,1
4875,1875,299,1300,4,2,1,1
5125,1875,300,1301,6,2,1,1
5375,1875,301,1302,6,2,1,1
5625,1875,302,1303,6,2,1,1
5875,1875,303,1304,6,2,1,1
6125,1875,304,1305,6,2,1,1
6375,1875,305,1306,6,2,1,1
6625,1875,306,1307,6,2,1,1
6875,1875,307,1308,6,2,1,1
7125,1875,308,1309,6,2,1,1
7375,1875,309,1310,6,2,1,1
7625,1875,310,1311,8,4,2,1
7875,1875,311,1312,8,4,2,1
8125,1875,312,1313,8,4,2,1
8375,1875,313,1314,8,4,2,1
8625,1875,314,1315,8,4,2,1
8875,1875,315,1316,8,4,2,1
9125,1875,316,1317,8,4,2,1
9375,1875,317,1318,8,4,2,1
9625,1875,318,1319,8,4,2,1
9875,1875,319,1320,8,4,2,1
125,1625,240,1321,1,1,1,1
375,1625,241,1322,1,1,1,1
625,1625,242,1323,1,1,1,1
875,1625,243,1324,1,1,1,1
1125,1625,244,1325,1,1,1,1
1375,1625,245,1326,1,1,1,1
1625,1625,246,1327,1,1,1,1
1875,1625,247,1328,1,1,1,1
2125,1625,248,1329,1,1,1,1
2375,1625,249,1330,1,1,1,1
2625,1625,250,1331,1,1,1,1
2875,1625,251,1332,1,1,1,1
3125,1625,252,1333,4,2,1,1
3375,1625,253,1334,4,2,1,1
3625,1625,254,1335,4,2,1,1
3875,1625,255,1336,4,2,1,1
4125,1625,256,1337,4,2,1,1
4375,1625,257,1338,4,2,1,1
4625,1625,258,1339,4,2,1,1
4875,1625,259,1340,4,2,1,1
5125,1625,260,1341,6,2,1,1
5375,1625,261,1342,6,2,1,1
5625,1625,262,1343,6,2,1,1
5875,1625,263,1344,6,2,1,1
6125,1625,264,1345,6,2,1,1
6375,1625,265,1346,6,2,1,1
6625,1625,266,1347,6,2,1,1
6875,1625,267,1348,6,2,1,1
7125,1625,268,1349,6,2,1,1
7375,1625,269,1350,6,2,1,1
7625,1625,270,1351,8,4,2,1
7875,1625,271,1352,8,4,2,1
8125,1625,272,1353,8,4,2,1
8375,1625,273,1354,8,4,2,1
8625,1625,274,1355,8,4,2,1
8875,1625,275,1356,8,4,2,1
9125,1625,276,1357,8,4,2,1
9375,1625,277,1358,8,4,2,1
9625,1625,278,1359,8,4,2,1
9875,1625,279,1360,8,4,2,1
125,1375,200,1361,1,1,1,1
375,1375,201,1362,1,1,1,1
625,1375,202,1363,1,1,1,1
875,1375,203,1364,1,1,1,1
1125,1375,204,1365,1,1,1,1
1375,1375,205,1366,1,1,1,1
1625,1375,206,1367,1,1,1,1
1875,1375,207,1368,1,1,1,1
2125,1375,208,1369,1,1,1,1
2375,1375,209,1370,1,1,1,1
2625,1375,210,1371,1,1,1,1
2875,1375,211,1372,1,1,1,1
3125,1375,212,1373,4,2,1,1
3375,1375,213,1374,4,2,1,1
3625,1375,214,1375,4,2,1,1
3875,1375,215,1376,4,2,1,1
4125,1375,216,1377,4,2,1,1
4375,1375,217,1378,4,2,1,1
4625,1375,218,1379,4,2,1,1
4875,1375,219,1380,4,2,1,1
5125,1375,220,1381,6,2,1,1
5375,1375,221,1382,6,2,1,1
5625,1375,222,1383,6,2,1,1
5875,1375,223,1384,6,2,1,1
6125,1375,224,1385,6,2,1,1
6375,1375,225,1386,6,2,1,1
6625,1375,226,1387,6,2,1,1
6875,1375,227,1388,6,2,1,1
7125,1375,228,1389,6,2,1,1
7375,1375,229,1390,6,2,1,1
7625,1375,230,1391,8,4,2,1
7875,1375,231,1392,8,4,2,1
8125,1375,232,1393,8,4,2,1
8375,1375,233,1394,8,4,2,1
8625,1375,234,1395,8,4,2,1
8875,1375,235,1396,8,4,2,1
9125,1375,236,1397,8,4,2,1
9375,1375,237,1398,8,4,2,1
9625,1375,238,1399,8,4,2,1
9875,1375,239,1400,8,4,2,1
125,1125,160,1401,1,1,1,1
375,1125,161,1402,1,1,1,1
625,1125,162,1403,1,1,1,1
875,1125,163,1404,1,1,1,1
1125,1125,164,1405,1,1,1,1
1375,1125,165,1406,1,1,1,1
1625,1125,166,1407,1,1,1,1
1875,1125,167,1408,1,1,1,1
2125,1125,168,1409,1,1,1,1
2375,1125,169,1410,1,1,1,1
2625,1125,170,1411,1,1,1,1
2875,1125,171,1412,1,1,1,1
3125,1125,172,1413,4,2,1,1
3375,1125,173,1414,4,2,1,1
3625,1125,174,1415,4,2,1,1
3875,1125,175,1416,4,2,1,1
4125,1125,176,1417,4,2,1,1
4375,1125,177,1418,4,2,1,1
4625,1125,178,1419,4,2,1,1
4875,1125,179,1420,4,2,1,1
5125,1125,180,1421,6,2,1,1
5375,1125,181,1422,6,2,1,1
5625,1125,182,1423,6,2,1,1
5875,1125,183,1424,6,2,1,1
6125,1125,184,1425,6,2,1,1
6375,1125,185,1426,6,2,1,1
6625,1125,186,1427,6,2,1,1
6875,1125,187,1428,6,2,1,1
7125,1125,188,1429,6,2,1,1
7375,1125,189,1430,6,2,1,1
7625,1125,190,1431,8,4,2,1
7875,1125,191,1432,8,4,2,1
8125,1125,192,1433,8,4,2,1
8375,1125,193,1434,8,4,2,1
8625,1125,194,1435,8,4,2,1
8875,1125,195,1436,8,4,2,1
9125,1125,196,1437,8,4,2,1
9375,1125,197,1438,8,4,2,1
9625,1125,198,1439,8,4,2,1
9875,1125,199,1440,8,4,2,1
125,875,120,1441,1,1,1,1
375,875,121,1442,1,1,1,1
625,875,122,1443,1,1,1,1
875,875,123,1444,1,1,1,1
1125,875,124,1445,1,1,1,1
1375,875,125,1446,1,1,1,1
1625,875,126,1447,1,1,1,1
1875,875,127,1448,1,1,1,1
2125,875,128,1449,1,1,1,1
2375,875,129,1450,1,1,1,1
2625,875,130,1451,1,1,1,1
2875,875,131,1452,1,1,1,1
3125,875,132,1453,4,2,1,1
3375,875,133,1454,4,2,1,1
3625,875,134,1455,4,2,1,1
3875,875,135,1456,4,2,1,1
4125,875,136,1457,4,2,1,1
4375,875,137,1458,4,2,1,1
4625,875,138,1459,4,2,1,1
4875,875,139,1460,4,2,1,1
5125,875,140,1461,6,2,1,1
5375,875,141,1462,6,2,1,1
5625,875,142,1463,6,2,1,1
5875,875,143,1464,6,2,1,1
6125,875,144,1465,6,2,1,1
6375,875,145,1466,6,2,1,1
6625,875,146,1467,6,2,1,1
6875,875,147,1468,6,2,1,1
7125,875,148,1469,6,2,1,1
7375,875,149,1470,6,2,1,1
7625,875,150,1471,8,4,2,1
7875,875,151,1472,8,4,2,1
8125,875,152,1473,8,4,2,1
8375,875,153,1474,8,4,2,1
8625,875,154,1475,8,4,2,1
8875,875,155,1476,8,4,2,1
9125,875,156,1477,8,4,2,1
9375,875,157,1478,8,4,2,1
9625,875,158,1479,8,4,2,1
9875,875,159,1480,8,4,2,1
125,625,80,1481,1,1,1,1
375,625,81,1482,1,1,1,1
625,625,82,1483,1,1,1,1
875,625,83,1484,1,1,1,1
1125,625,84,1485,1,1,1,1
1375,625,85,1486,1,1,1,1
1625,625,86,1487,1,1,1,1
1875,625,87,1488,1,1,1,1
2125,625,88,1489,1,1,1,1
2375,625,89,1490,1,1,1,1
2625,625,90,1491,1,1,1,1
2875,625,91,1492,1,1,1,1
3125,625,92,1493,4,2,1,1
3375,625,93,1494,4,2,1,1
3625,625,94,1495,4,2,1,1
3875,625,95,1496,4,2,1,1
4125,625,96,1497,4,2,1,1
4375,625,97,1498,4,2,1,1
4625,625,98,1499,4,2,1,1
4875,625,99,1500,4,2,1,1
5125,625,100,1501,6,2,1,1
5375,625,101,1502,6,2,1,1
5625,625,102,1503,6,2,1,1
5875,625,103,1504,6,2,1,1
6125,625,104,1505,6,2,1,1
6375,625,105,1506,6,2,1,1
6625,625,106,1507,6,2,1,1
6875,625,107,1508,6,2,1,1
7125,625,108,1509,6,2,1,1
7375,625,109,1510,6,2,1,1
7625,625,110,1511,8,4,2,1
7875,625,111,1512,8,4,2,1
8125,625,112,1513,8,4,2,1
8375,625,113,1514,8,4,2,1
8625,625,114,1515,8,4,2,1
8875,625,115,1516,8,4,2,1
9125,625,116,1517,8,4,2,1
9375,625,117,1518,8,4,2,1
9625,625,118,1519,8,4,2,1
9875,625,119,1520,8,4,2,1
125,375,40,1521,1,1,1,1
375,375,41,1522,1,1,1,1
625,375,42,1523,1,1,1,1
875,375,43,1524,1,1,1,1
1125,375,44,1525,1,1,1,1
1375,375,45,1526,1,1,1,1
1625,375,46,1527,1,1,1,1
1875,375,47,1528,1,1,1,1
2125,375,48,1529,1,1,1,1
2375,375,49,1530,1,1,1,1
2625,375,50,1531,1,1,1,1
2875,375,51,1532,1,1,1,1
3125,375,52,1533,4,2,1,1
3375,375,53,1534,4,2,1,1
3625,375,54,1535,4,2,1,1
3875,375,55,1536,4,2,1,1
4125,375,56,1537,4,2,1,1
4375,375,57,1538,4,2,1,1
4625,375,58,1539,4,2,1,1
4875,375,59,1540,4,2,1,1
5125,375,60,1541,6,2,1,1
5375,375,61,1542,6,2,1,1
5625,375,62,1543,6,2,1,1
5875,375,63,1544,6,2,1,1
6125,375,64,1545,6,2,1,1
6375,375,65,1546,6,2,1,1
6625,375,66,1547,6,2,1,1
6875,375,67,1548,6,2,1,1
7125,375,68,1549,6,2,1,1
7375,375,69,1550,6,2,1,1
7625,375,70,1551,8,4,2,1
7875,375,71,1552,8,4,2,1
8125,375,72,1553,8,4,2,1
8375,375,73,1554,8,4,2,1
8625,375,74,1555,8,4,2,1
8875,375,75,1556,8,4,2,1
9125,375,76,1557,8,4,2,1
9375,375,77,1558,8,4,2,1
9625,375,78,1559,8,4,2,1
9875,375,79,1560,8,4,2,1
125,125,0,1561,1,1,1,1
375,125,1,1562,1,1,1,1
625,125,2,1563,1,1,1,1
875,125,3,1564,1,1,1,1
1125,125,4,1565,1,1,1,1
1375,125,5,1566,1,1,1,1
1625,125,6,1567,1,1,1,1
1875,125,7,1568,1,1,1,1
2125,125,8,1569,1,1,1,1
2375,125,9,1570,1,1,1,1
2625,125,10,1571,1,1,1,1
2875,125,11,1572,1,1,1,1
3125,125,12,1573,4,2,1,1
3375,125,13,1574,4,2,1,1
3625,125,14,1575,4,2,1,1
3875,125,15,1576,4,2,1,1
4125,125,16,1577,4,2,1,1
4375,125,17,1578,4,2,1,1
4625,125,18,1579,4,2,1,1
4875,125,19,1580,4,2,1,1
5125,125,20,1581,6,2,1,1
5375,125,21,1582,6,2,1,1
5625,125,22,1583,6,2,1,1
5875,125,23,1584,6,2,1,1
6125,125,24,1585,6,2,1,1
6375,125,25,1586,6,2,1,1
6625,125,26,1587,6,2,1,1
6875,125,27,1588,6,2,1,1
7125,125,28,1589,6,2,1,1
7375,125,29,1590,6,2,1,1
7625,125,30,1591,8,4,2,1
7875,125,31,1592,8,4,2,1
8125,125,32,1593,8,4,2,1
8375,125,33,1594,8,4,2,1
8625,125,34,1595,8,4,2,1
8875,125,35,1596,8,4,2,1
9125,125,36,1597,8,4,2,1
9375,125,37,1598,8,4,2,1
9625,125,38,1599,8,4,2,1
9875,125,39,1600,8,4,2,1
