rasterCell,tile
1,1560
2,1561
3,1562
4,1563
5,1564
6,1565
7,1566
8,1567
9,1568
10,1569
11,1570
12,1571
13,1572
14,1573
15,1574
16,1575
17,1576
18,1577
19,1578
20,1579
21,1580
22,1581
23,1582
24,1583
25,1584
26,1585
27,1586
28,1587
29,1588
30,1589
31,1590
32,1591
33,1592
34,1593
35,1594
36,1595
37,1596
38,1597
39,1598
40,1599
41,1520
42,1521
43,1522
44,1523
45,1524
46,1525
47,1526
48,1527
49,1528
50,1529
51,1530
52,1531
53,1532
54,1533
55,1534
56,1535
57,1536
58,1537
59,1538
60,1539
61,1540
62,1541
63,1542
64,1543
65,1544
66,1545
67,1546
68,1547
69,1548
70,1549
71,1550
72,1551
73,1552
74,1553
75,1554
76,1555
77,1556
78,1557
79,1558
80,1559
81,1480
82,1481
83,1482
84,1483
85,1484
86,1485
87,1486
88,1487
89,1488
90,1489
91,1490
92,1491
93,1492
94,1493
95,1494
96,1495
97,1496
98,1497
99,1498
100,1499
101,1500
102,1501
103,1502
104,1503
105,1504
106,1505
107,1506
108,1507
109,1508
110,1509
111,1510
112,1511
113,1512
114,1513
115,1514
116,1515
117,1516
118,1517
119,1518
120,1519
121,1440
122,1441
123,1442
124,1443
125,1444
126,1445
127,1446
128,1447
129,1448
130,1449
131,1450
132,1451
133,1452
134,1453
135,1454
136,1455
137,1456
138,1457
139,1458
140,1459
141,1460
142,1461
143,1462
144,1463
145,1464
146,1465
147,1466
148,1467
149,1468
150,1469
151,1470
152,1471
153,1472
154,1473
155,1474
156,1475
157,1476
158,1477
159,1478
160,1479
161,1400
162,1401
163,1402
164,1403
165,1404
166,1405
167,1406
168,1407
169,1408
170,1409
171,1410
172,1411
173,1412
174,1413
175,1414
176,1415
177,1416
178,1417
179,1418
180,1419
181,1420
182,1421
183,1422
184,1423
185,1424
186,1425
187,1426
188,1427
189,1428
190,1429
191,1430
192,1431
193,1432
194,1433
195,1434
196,1435
197,1436
198,1437
199,1438
200,1439
201,1360
202,1361
203,1362
204,1363
205,1364
206,1365
207,1366
208,1367
209,1368
210,1369
211,1370
212,1371
213,1372
214,1373
215,1374
216,1375
217,1376
218,1377
219,1378
220,1379
221,1380
222,1381
223,1382
224,1383
225,1384
226,1385
227,1386
228,1387
229,1388
230,1389
231,1390
232,1391
233,1392
234,1393
235,1394
236,1395
237,1396
238,1397
239,1398
240,1399
241,1320
242,1321
243,1322
244,1323
245,1324
246,1325
247,1326
248,1327
249,1328
250,1329
251,1330
252,1331
253,1332
254,1333
255,1334
256,1335
257,1336
258,1337
259,1338
260,1339
261,1340
262,1341
263,1342
264,1343
265,1344
266,1345
267,1346
268,1347
269,1348
270,1349
271,1350
272,1351
273,1352
274,1353
275,1354
276,1355
277,1356
278,1357
279,1358
280,1359
281,1280
282,1281
283,1282
284,1283
285,1284
286,1285
287,1286
288,1287
289,1288
290,1289
291,1290
292,1291
293,1292
294,1293
295,1294
296,1295
297,1296
298,1297
299,1298
300,1299
301,1300
302,1301
303,1302
304,1303
305,1304
306,1305
307,1306
308,1307
309,1308
310,1309
311,1310
312,1311
313,1312
314,1313
315,1314
316,1315
317,1316
318,1317
319,1318
320,1319
321,1240
322,1241
323,1242
324,1243
325,1244
326,1245
327,1246
328,1247
329,1248
330,1249
331,1250
332,1251
333,1252
334,1253
335,1254
336,1255
337,1256
338,1257
339,1258
340,1259
341,1260
342,1261
343,1262
344,1263
345,1264
346,1265
347,1266
348,1267
349,1268
350,1269
351,1270
352,1271
353,1272
354,1273
355,1274
356,1275
357,1276
358,1277
359,1278
360,1279
361,1200
362,1201
363,1202
364,1203
365,1204
366,1205
367,1206
368,1207
369,1208
370,1209
371,1210
372,1211
373,1212
374,1213
375,1214
376,1215
377,1216
378,1217
379,1218
380,1219
381,1220
382,1221
383,1222
384,1223
385,1224
386,1225
387,1226
388,1227
389,1228
390,1229
391,1230
392,1231
393,1232
394,1233
395,1234
396,1235
397,1236
398,1237
399,1238
400,1239
401,1160
402,1161
403,1162
404,1163
405,1164
406,1165
407,1166
408,1167
409,1168
410,1169
411,1170
412,1171
413,1172
414,1173
415,1174
416,1175
417,1176
418,1177
419,1178
420,1179
421,1180
422,1181
423,1182
424,1183
425,1184
426,1185
427,1186
428,1187
429,1188
430,1189
431,1190
432,1191
433,1192
434,1193
435,1194
436,1195
437,1196
438,1197
439,1198
440,1199
441,1120
442,1121
443,1122
444,1123
445,1124
446,1125
447,1126
448,1127
449,1128
450,1129
451,1130
452,1131
453,1132
454,1133
455,1134
456,1135
457,1136
458,1137
459,1138
460,1139
461,1140
462,1141
463,1142
464,1143
465,1144
466,1145
467,1146
468,1147
469,1148
470,1149
471,1150
472,1151
473,1152
474,1153
475,1154
476,1155
477,1156
478,1157
479,1158
480,1159
481,1080
482,1081
483,1082
484,1083
485,1084
486,1085
487,1086
488,1087
489,1088
490,1089
491,1090
492,1091
493,1092
494,1093
495,1094
496,1095
497,1096
498,1097
499,1098
500,1099
501,1100
502,1101
503,1102
504,1103
505,1104
506,1105
507,1106
508,1107
509,1108
510,1109
511,1110
512,1111
513,1112
514,1113
515,1114
516,1115
517,1116
518,1117
519,1118
520,1119
521,1040
522,1041
523,1042
524,1043
525,1044
526,1045
527,1046
528,1047
529,1048
530,1049
531,1050
532,1051
533,1052
534,1053
535,1054
536,1055
537,1056
538,1057
539,1058
540,1059
541,1060
542,1061
543,1062
544,1063
545,1064
546,1065
547,1066
548,1067
549,1068
550,1069
551,1070
552,1071
553,1072
554,1073
555,1074
556,1075
557,1076
558,1077
559,1078
560,1079
561,1000
562,1001
563,1002
564,1003
565,1004
566,1005
567,1006
568,1007
569,1008
570,1009
571,1010
572,1011
573,1012
574,1013
575,1014
576,1015
577,1016
578,1017
579,1018
580,1019
581,1020
582,1021
583,1022
584,1023
585,1024
586,1025
587,1026
588,1027
589,1028
590,1029
591,1030
592,1031
593,1032
594,1033
595,1034
596,1035
597,1036
598,1037
599,1038
600,1039
601,960
602,961
603,962
604,963
605,964
606,965
607,966
608,967
609,968
610,969
611,970
612,971
613,972
614,973
615,974
616,975
617,976
618,977
619,978
620,979
621,980
622,981
623,982
624,983
625,984
626,985
627,986
628,987
629,988
630,989
631,990
632,991
633,992
634,993
635,994
636,995
637,996
638,997
639,998
640,999
641,920
642,921
643,922
644,923
645,924
646,925
647,926
648,927
649,928
650,929
651,930
652,931
653,932
654,933
655,934
656,935
657,936
658,937
659,938
660,939
661,940
662,941
663,942
664,943
665,944
666,945
667,946
668,947
669,948
670,949
671,950
672,951
673,952
674,953
675,954
676,955
677,956
678,957
679,958
680,959
681,880
682,881
683,882
684,883
685,884
686,885
687,886
688,887
689,888
690,889
691,890
692,891
693,892
694,893
695,894
696,895
697,896
698,897
699,898
700,899
701,900
702,901
703,902
704,903
705,904
706,905
707,906
708,907
709,908
710,909
711,910
712,911
713,912
714,913
715,914
716,915
717,916
718,917
719,918
720,919
721,840
722,841
723,842
724,843
725,844
726,845
727,846
728,847
729,848
730,849
731,850
732,851
733,852
734,853
735,854
736,855
737,856
738,857
739,858
740,859
741,860
742,861
743,862
744,863
745,864
746,865
747,866
748,867
749,868
750,869
751,870
752,871
753,872
754,873
755,874
756,875
757,876
758,877
759,878
760,879
761,800
762,801
763,802
764,803
765,804
766,805
767,806
768,807
769,808
770,809
771,810
772,811
773,812
774,813
775,814
776,815
777,816
778,817
779,818
780,819
781,820
782,821
783,822
784,823
785,824
786,825
787,826
788,827
789,828
790,829
791,830
792,831
793,832
794,833
795,834
796,835
797,836
798,837
799,838
800,839
801,760
802,761
803,762
804,763
805,764
806,765
807,766
808,767
809,768
810,769
811,770
812,771
813,772
814,773
815,774
816,775
817,776
818,777
819,778
820,779
821,780
822,781
823,782
824,783
825,784
826,785
827,786
828,787
829,788
830,789
831,790
832,791
833,792
834,793
835,794
836,795
837,796
838,797
839,798
840,799
841,720
842,721
843,722
844,723
845,724
846,725
847,726
848,727
849,728
850,729
851,730
852,731
853,732
854,733
855,734
856,735
857,736
858,737
859,738
860,739
861,740
862,741
863,742
864,743
865,744
866,745
867,746
868,747
869,748
870,749
871,750
872,751
873,752
874,753
875,754
876,755
877,756
878,757
879,758
880,759
881,680
882,681
883,682
884,683
885,684
886,685
887,686
888,687
889,688
890,689
891,690
892,691
893,692
894,693
895,694
896,695
897,696
898,697
899,698
900,699
901,700
902,701
903,702
904,703
905,704
906,705
907,706
908,707
909,708
910,709
911,710
912,711
913,712
914,713
915,714
916,715
917,716
918,717
919,718
920,719
921,640
922,641
923,642
924,643
925,644
926,645
927,646
928,647
929,648
930,649
931,650
932,651
933,652
934,653
935,654
936,655
937,656
938,657
939,658
940,659
941,660
942,661
943,662
944,663
945,664
946,665
947,666
948,667
949,668
950,669
951,670
952,671
953,672
954,673
955,674
956,675
957,676
958,677
959,678
960,679
961,600
962,601
963,602
964,603
965,604
966,605
967,606
968,607
969,608
970,609
971,610
972,611
973,612
974,613
975,614
976,615
977,616
978,617
979,618
980,619
981,620
982,621
983,622
984,623
985,624
986,625
987,626
988,627
989,628
990,629
991,630
992,631
993,632
994,633
995,634
996,635
997,636
998,637
999,638
1000,639
1001,560
1002,561
1003,562
1004,563
1005,564
1006,565
1007,566
1008,567
1009,568
1010,569
1011,570
1012,571
1013,572
1014,573
1015,574
1016,575
1017,576
1018,577
1019,578
1020,579
1021,580
1022,581
1023,582
1024,583
1025,584
1026,585
1027,586
1028,587
1029,588
1030,589
1031,590
1032,591
1033,592
1034,593
1035,594
1036,595
1037,596
1038,597
1039,598
1040,599
1041,520
1042,521
1043,522
1044,523
1045,524
1046,525
1047,526
1048,527
1049,528
1050,529
1051,530
1052,531
1053,532
1054,533
1055,534
1056,535
1057,536
1058,537
1059,538
1060,539
1061,540
1062,541
1063,542
1064,543
1065,544
1066,545
1067,546
1068,547
1069,548
1070,549
1071,550
1072,551
1073,552
1074,553
1075,554
1076,555
1077,556
1078,557
1079,558
1080,559
1081,480
1082,481
1083,482
1084,483
1085,484
1086,485
1087,486
1088,487
1089,488
1090,489
1091,490
1092,491
1093,492
1094,493
1095,494
1096,495
1097,496
1098,497
1099,498
1100,499
1101,500
1102,501
1103,502
1104,503
1105,504
1106,505
1107,506
1108,507
1109,508
1110,509
1111,510
1112,511
1113,512
1114,513
1115,514
1116,515
1117,516
1118,517
1119,518
1120,519
1121,440
1122,441
1123,442
1124,443
1125,444
1126,445
1127,446
1128,447
1129,448
1130,449
1131,450
1132,451
1133,452
1134,453
1135,454
1136,455
1137,456
1138,457
1139,458
1140,459
1141,460
1142,461
1143,462
1144,463
1145,464
1146,465
1147,466
1148,467
1149,468
1150,469
1151,470
1152,471
1153,472
1154,473
1155,474
1156,475
1157,476
1158,477
1159,478
1160,479
1161,400
1162,401
1163,402
1164,403
1165,404
1166,405
1167,406
1168,407
1169,408
1170,409
1171,410
1172,411
1173,412
1174,413
1175,414
1176,415
1177,416
1178,417
1179,418
1180,419
1181,420
1182,421
1183,422
1184,423
1185,424
1186,425
1187,426
1188,427
1189,428
1190,429
1191,430
1192,431
1193,432
1194,433
1195,434
1196,435
1197,436
1198,437
1199,438
1200,439
1201,360
1202,361
1203,362
1204,363
1205,364
1206,365
1207,366
1208,367
1209,368
1210,369
1211,370
1212,371
1213,372
1214,373
1215,374
1216,375
1217,376
1218,377
1219,378
1220,379
1221,380
1222,381
1223,382
1224,383
1225,384
1226,385
1227,386
1228,387
1229,388
1230,389
1231,390
1232,391
1233,392
1234,393
1235,394
1236,395
1237,396
1238,397
1239,398
1240,399
1241,320
1242,321
1243,322
1244,323
1245,324
1246,325
1247,326
1248,327
1249,328
1250,329
1251,330
1252,331
1253,332
1254,333
1255,334
1256,335
1257,336
1258,337
1259,338
1260,339
1261,340
1262,341
1263,342
1264,343
1265,344
1266,345
1267,346
1268,347
1269,348
1270,349
1271,350
1272,351
1273,352
1274,353
1275,354
1276,355
1277,356
1278,357
1279,358
1280,359
1281,280
1282,281
1283,282
1284,283
1285,284
1286,285
1287,286
1288,287
1289,288
1290,289
1291,290
1292,291
1293,292
1294,293
1295,294
1296,295
1297,296
1298,297
1299,298
1300,299
1301,300
1302,301
1303,302
1304,303
1305,304
1306,305
1307,306
1308,307
1309,308
1310,309
1311,310
1312,311
1313,312
1314,313
1315,314
1316,315
1317,316
1318,317
1319,318
1320,319
1321,240
1322,241
1323,242
1324,243
1325,244
1326,245
1327,246
1328,247
1329,248
1330,249
1331,250
1332,251
1333,252
1334,253
1335,254
1336,255
1337,256
1338,257
1339,258
1340,259
1341,260
1342,261
1343,262
1344,263
1345,264
1346,265
1347,266
1348,267
1349,268
1350,269
1351,270
1352,271
1353,272
1354,273
1355,274
1356,275
1357,276
1358,277
1359,278
1360,279
1361,200
1362,201
1363,202
1364,203
1365,204
1366,205
1367,206
1368,207
1369,208
1370,209
1371,210
1372,211
1373,212
1374,213
1375,214
1376,215
1377,216
1378,217
1379,218
1380,219
1381,220
1382,221
1383,222
1384,223
1385,224
1386,225
1387,226
1388,227
1389,228
1390,229
1391,230
1392,231
1393,232
1394,233
1395,234
1396,235
1397,236
1398,237
1399,238
1400,239
1401,160
1402,161
1403,162
1404,163
1405,164
1406,165
1407,166
1408,167
1409,168
1410,169
1411,170
1412,171
1413,172
1414,173
1415,174
1416,175
1417,176
1418,177
1419,178
1420,179
1421,180
1422,181
1423,182
1424,183
1425,184
1426,185
1427,186
1428,187
1429,188
1430,189
1431,190
1432,191
1433,192
1434,193
1435,194
1436,195
1437,196
1438,197
1439,198
1440,199
1441,120
1442,121
1443,122
1444,123
1445,124
1446,125
1447,126
1448,127
1449,128
1450,129
1451,130
1452,131
1453,132
1454,133
1455,134
1456,135
1457,136
1458,137
1459,138
1460,139
1461,140
1462,141
1463,142
1464,143
1465,144
1466,145
1467,146
1468,147
1469,148
1470,149
1471,150
1472,151
1473,152
1474,153
1475,154
1476,155
1477,156
1478,157
1479,158
1480,159
1481,80
1482,81
1483,82
1484,83
1485,84
1486,85
1487,86
1488,87
1489,88
1490,89
1491,90
1492,91
1493,92
1494,93
1495,94
1496,95
1497,96
1498,97
1499,98
1500,99
1501,100
1502,101
1503,102
1504,103
1505,104
1506,105
1507,106
1508,107
1509,108
1510,109
1511,110
1512,111
1513,112
1514,113
1515,114
1516,115
1517,116
1518,117
1519,118
1520,119
1521,40
1522,41
1523,42
1524,43
1525,44
1526,45
1527,46
1528,47
1529,48
1530,49
1531,50
1532,51
1533,52
1534,53
1535,54
1536,55
1537,56
1538,57
1539,58
1540,59
1541,60
1542,61
1543,62
1544,63
1545,64
1546,65
1547,66
1548,67
1549,68
1550,69
1551,70
1552,71
1553,72
1554,73
1555,74
1556,75
1557,76
1558,77
1559,78
1560,79
1561,0
1562,1
1563,2
1564,3
1565,4
1566,5
1567,6
1568,7
1569,8
1570,9
1571,10
1572,11
1573,12
1574,13
1575,14
1576,15
1577,16
1578,17
1579,18
1580,19
1581,20
1582,21
1583,22
1584,23
1585,24
1586,25
1587,26
1588,27
1589,28
1590,29
1591,30
1592,31
1593,32
1594,33
1595,34
1596,35
1597,36
1598,37
1599,38
1600,39
