"tile","time","probL"
1439,0,0.000502791085957477
1477,0,0.00292869039996086
1478,0,0.0459511332300592
1479,0,0.0248087504272189
1517,0,0.140302234951564
1518,0,0.0946310815595809
1519,0,0.0446310373637907
1556,0,0.00158587423265035
1557,0,0.169262245797054
1558,0,0.118960449908369
1559,0,0.0517771485583163
1596,0,0.0011336588564372
1597,0,0.154277465423616
1598,0,0.107396649417749
1599,0,0.0418507887876776
1439,10,0.000181446141821064
1477,10,0.00129966437247631
1478,10,0.0447828183206981
1479,10,0.0234168179457011
1517,10,0.143547794449137
1518,10,0.0959202707155783
1519,10,0.043020917886607
1556,10,0.000368291066799616
1557,10,0.173714624509398
1558,10,0.120811153618085
1559,10,0.049689346430435
1596,10,0.000255738770589164
1597,10,0.156047291298276
1598,10,0.107237782215217
1599,10,0.039706042259183
1439,20,7.34880185750584e-05
1477,20,0.000650852089367551
1478,20,0.0433711724202991
1479,20,0.021930396166351
1517,20,0.146465869013738
1518,20,0.0966883950665532
1519,20,0.041238736814478
1556,20,0.000137829839942382
1557,20,0.178032607198281
1558,20,0.122359972333965
1559,20,0.0474583547599907
1596,20,8.33960970578642e-05
1597,20,0.157235724213181
1598,20,0.106787562865568
1599,20,0.0374856431026537
1439,30,3.6871037502657e-05
1477,30,0.000392985026861856
1478,30,0.0419097336264822
1479,30,0.0204128787977617
1517,30,0.149621491200507
1518,30,0.0970993625722541
1519,30,0.039284623048928
1556,30,9.52867624608777e-05
1557,30,0.182854236589269
1558,30,0.1235586807593
1559,30,0.0450808601543513
1596,30,5.00427890934195e-05
1597,30,0.158393614948907
1598,30,0.106016108777866
1599,30,0.0351932239084553
1439,40,2.40646054039489e-05
1477,40,0.000291376120419623
1478,40,0.0404586825329162
1479,40,0.0188864164783118
1517,40,0.153211431451632
1518,40,0.097207654290382
1519,40,0.0371661482565842
1556,40,8.87528719282465e-05
1557,40,0.188330568653274
1558,40,0.124375268195582
1559,40,0.0425573966780389
1596,40,4.41443882276292e-05
1597,40,0.159622054140166
1598,40,0.104902133828086
1599,40,0.0328339075090478
1439,50,1.91897296373266e-05
1477,50,0.000252454227617302
1478,50,0.0390290095916072
1479,50,0.0173601899463299
1517,50,0.157325170888208
1518,50,0.0970193721392943
1519,50,0.0348944753023605
1556,50,8.9315137060145e-05
1557,50,0.19452539246747
1558,50,0.124775375651667
1559,50,0.0398919643651441
1596,50,4.37407863619279e-05
1597,50,0.16093618440144
1598,50,0.103423524601964
1599,50,0.0304146407638402
1439,60,1.694957682508e-05
1477,60,0.00023887694055224
1478,60,0.0376133230229527
1479,60,0.0158396599769005
1517,60,0.162019155645901
1518,60,0.096517143565034
1519,60,0.0324831995116247
1556,60,9.14744765729785e-05
1557,60,0.201492039151973
1558,60,0.124717259009581
1559,60,0.0370920015460916
1596,60,4.45103038241076e-05
1597,60,0.162334497646944
1598,60,0.101555518069923
1599,60,0.0279443915553007
1439,70,1.55786544473876e-05
1477,70,0.00023573228397347
1478,70,0.036197037433962
1479,70,0.0143296366121012
1517,70,0.167341110539396
1518,70,0.0956697470996576
1519,70,0.0299481787742246
1556,70,9.41976152098254e-05
1557,70,0.209288285252317
1558,70,0.124149739358371
1559,70,0.0341685772879155
1596,70,4.56065677139313e-05
1597,70,0.163812007952554
1598,70,0.0992702281421757
1599,70,0.0254343364259819
1439,80,1.44873590755783e-05
1477,80,0.000237069325713517
1478,80,0.0347623397515007
1479,80,0.0128353550102208
1517,80,0.173339053406178
1518,80,0.0944354801657589
1519,80,0.0273077464911018
1556,80,9.7305888082778e-05
1557,80,0.217979598647196
1558,80,0.123010801576317
1559,80,0.031136722916358
1596,80,4.68689809171725e-05
1597,80,0.165362714279591
1598,80,0.0965363884040275
1599,80,0.0228980677979621
1439,90,1.34766184339359e-05
1477,90,0.000240531001838887
1478,90,0.0332894833076813
1479,90,0.0113629194477384
1517,90,0.180065079668694
1518,90,0.092762955707709
1519,90,0.0245830979821953
1556,90,0.000100786338038008
1557,90,0.227640325548296
1558,90,0.121226248947414
1559,90,0.0280158707845094
1596,90,4.82731320384477e-05
1597,90,0.166980012534975
1598,90,0.0933191090512481
1599,90,0.0203518299291908
1439,100,1.2476584503964e-05
1477,100,0.000245228981317816
1478,100,0.0317570795892036
1479,100,0.00991955757678226
1517,100,0.187577244408768
1518,100,0.0905907902346523
1519,100,0.0217987822867991
1556,100,0.000104660591522673
1557,100,0.238354622054378
1558,100,0.118708231011243
1559,100,0.0248303929418268
1596,100,4.98226644911382e-05
1597,100,0.168656710003266
1598,100,0.0895796124587629
1599,100,0.0178147886124825
1439,110,1.14598532295817e-05
1477,110,0.000250941246689802
1478,110,0.0301419946906601
1479,110,0.0085138293691163
1517,110,0.19594074796284
1518,110,0.0878467441784123
1519,110,0.0189832819734973
1556,110,0.000108960960563672
1557,110,0.250217461186546
1558,110,0.115353569350009
1559,110,0.0216102435135615
1596,110,5.15287875720505e-05
1597,110,0.170384957583216
1598,110,0.0852749404353967
1599,110,0.0153093389086889
1439,120,1.04126259314059e-05
1477,120,0.000257911307289546
1478,120,0.0284190567823262
1479,120,0.00715583989020323
1517,120,0.205228878759541
1518,120,0.084446504794326
1519,120,0.0161696828791269
1556,120,0.000113730645728971
1557,120,0.2633357774721
1558,120,0.11104183698121
1559,120,0.0183917142888564
1596,120,5.34102240375692e-05
1597,120,0.172156157330329
1598,120,0.0803576306551607
1599,120,0.0128614553638336
1439,130,9.32496831934501e-06
1477,130,0.000267074931129369
1478,130,0.026560608985512
1479,130,0.00585747615101665
1517,130,0.215523858135815
1518,130,0.0802921247388287
1519,130,0.0133964452423061
1556,130,0.000119047999022581
1557,130,0.277829758933334
1558,130,0.105633157168102
1559,130,0.015218317096214
1596,130,5.55135288197636e-05
1597,130,0.173960842038191
1598,130,0.0747753605286644
1599,130,0.0105010895547256
1439,140,8.18718817906364e-06
1477,140,0.000280935865218286
1478,140,0.0245358177212259
1479,140,0.00463268304028256
1517,140,0.226917534080498
1518,140,0.0752699828682303
1519,140,0.0107082968587556
1556,140,0.000125160534604911
1557,140,0.293834240128489
1558,140,0.0989656964135574
1559,140,0.012141811247328
1596,140,5.80224601617882e-05
1597,140,0.175788452271172
1598,140,0.0684705591910885
1599,140,0.00826262013120893
1439,150,6.98794727686867e-06
1477,150,0.000305924129324102
1478,150,0.0223094467750534
1479,150,0.00349780135926264
1517,150,0.239511542678886
1518,150,0.0692478847043073
1519,150,0.00815728536455381
1556,150,0.000133209153320184
1557,150,0.311499860941014
1558,150,0.0908528576322309
1559,150,0.00922340195647121
1596,150,6.18277518705956e-05
1597,150,0.177626606233937
1598,150,0.0613800032690171
1599,150,0.00618536010347597
1439,160,5.71281433633403e-06
1477,160,0.000358479249049504
1478,160,0.0198393453578743
1479,160,0.00247201732408814
1517,160,0.253415503502212
1518,160,0.0620703559669726
1519,160,0.00580406367975912
1556,160,0.000149150870189611
1557,160,0.330992076834242
1558,160,0.0810803198565487
1559,160,0.00653514927645997
1596,160,7.14938874833875e-05
1597,160,0.179457712493354
1598,160,0.0534344968272125
1599,160,0.00431412206021829
1439,170,4.34431711358794e-06
1477,170,0.000480652286539599
1478,170,0.0170707600308878
1479,170,0.0015780389386372
1517,170,0.268737506184444
1518,170,0.0535498968901929
1519,170,0.00371956612733309
1556,170,0.000205040886887482
1557,170,0.352477596760044
1558,170,0.0694037392011436
1559,170,0.00416164530978174
1596,170,0.000110706553522362
1597,170,0.181241485219059
1598,170,0.0445592012907315
1599,170,0.00269982000368242
1439,180,2.87071586071238e-06
1477,180,0.000780126878894224
1478,180,0.0139228151807071
1479,180,0.000843268609462933
1517,180,0.285541185650846
1518,180,0.0434494505732379
1519,180,0.00198739758520357
1556,180,0.000474649381113595
1557,180,0.376042190049153
1558,180,0.0555512730535719
1559,180,0.00220198760755924
1596,180,0.000302686469315308
1597,180,0.182822413039032
1598,180,0.0346777126588885
1599,180,0.00139997254715556
1439,190,1.33189785075481e-06
1477,190,0.00153304156758274
1478,190,0.0102561948105895
1479,190,0.000302056016733135
1517,190,0.303644096617061
1518,190,0.0314491341844385
1519,190,0.000707419228176446
1556,190,0.00190235600831871
1557,190,0.401239414617117
1558,190,0.0392524589224847
1559,190,0.000771596322668193
1596,190,0.00128865007958636
1597,190,0.183437173683805
1598,190,0.0237367025372633
1599,190,0.000478373506325099
1477,200,0.00344894929546567
1478,200,0.00579904843131314
1517,200,0.321613831123555
1518,200,0.0171077445653304
1556,200,0.00962822607238597
1557,200,0.424661091762202
1558,200,0.0204070009063676
1596,200,0.00640445366562592
1597,200,0.17908747371849
1598,200,0.0118421804592654
1477,210,0.00835744166084339
1517,210,0.331559758856982
1556,210,0.0516640412334127
1557,210,0.426908170180853
1596,210,0.0329964670590373
1597,210,0.148514121008872
1515,220,0.000992119249104644
1516,220,0.589434826819627
1555,220,0.00245235139124755
1556,220,0.243307832797263
1595,220,0.00190820772718281
1596,220,0.161904662015576
1474,230,1.52656671365173e-06
1475,230,0.0013553748999698
1514,230,9.28115236979996e-06
1515,230,0.00803987825721366
1516,230,0.594528845078071
1554,230,1.88233468877397e-05
1555,230,0.0155644812382081
1556,230,0.21612322654898
1594,230,1.24085547483654e-05
1595,230,0.0095735267120106
1596,230,0.154772627644829
1433,240,8.45083666101301e-10
1434,240,8.93294069205904e-07
1435,240,1.0806762249216e-08
1473,240,9.75420973490524e-09
1474,240,1.65050381043161e-05
1475,240,0.00247941528461716
1513,240,3.84683295993693e-08
1514,240,7.24162087433626e-05
1515,240,0.0133396702485538
1516,240,0.597891315192713
1553,240,6.19385785551304e-08
1554,240,0.000120022546726135
1555,240,0.0253253222938865
1556,240,0.196055776463027
1593,240,3.52532690230709e-08
1594,240,7.23114362877765e-05
1595,240,0.0151807312908234
1596,240,0.149445463636217
1392,250,2.05977958350931e-13
1393,250,3.13678764995079e-10
1432,250,3.84361819203961e-12
1433,250,1.03163357776473e-08
1434,250,2.14734711479345e-06
1435,250,1.97453288292153e-08
1472,250,2.47588214355005e-11
1473,250,8.32302440316754e-08
1474,250,3.62991476603783e-05
1475,250,0.00336095099075649
1512,250,7.17045009695777e-11
1513,250,2.70317495548387e-07
1514,250,0.000153802573687589
1515,250,0.0171922574372318
1516,250,0.600004204664519
1552,250,9.77983580211771e-11
1553,250,3.92328744444008e-07
1554,250,0.000247906671212183
1555,250,0.0323557378092279
1556,250,0.181724127599718
1592,250,4.91978740215921e-11
1593,250,2.09395195038014e-07
1594,250,0.000147380144243307
1595,250,0.0191560890671516
1596,250,0.145618110652946
1391,260,5.391828328548e-16
1392,260,2.48227573012089e-12
1393,260,8.37132995679653e-10
1431,260,5.3450009166666e-15
1432,260,3.17913417642553e-11
1433,260,2.51534249399864e-08
1434,260,3.34267919077236e-06
1435,260,2.62667288117797e-08
1471,260,2.41132907180172e-14
1472,260,1.69159044018778e-10
1473,260,1.9477756517721e-07
1474,260,5.4644048474998e-05
1475,260,0.00399327062288741
1511,260,5.67192874788715e-14
1512,260,4.39281739397727e-10
1513,260,6.13996281734103e-07
1514,260,0.000228356097284097
1515,260,0.0198093836215803
1516,260,0.601210688977252
1551,260,6.7726038975642e-14
1552,260,5.59589285734192e-10
1553,260,8.74627118045547e-07
1554,260,0.000363973574545116
1555,260,0.0370976764688381
1556,260,0.172151807928922
1591,260,3.10131003153883e-14
1592,260,2.7022343881856e-10
1593,260,4.61028219789265e-07
1594,260,0.000215298751848091
1595,260,0.0218012010776728
1596,260,0.143068157992322
1390,270,2.70059731727008e-19
1391,270,3.53150333848282e-15
1392,270,5.68319092662113e-12
1393,270,1.30810564017527e-09
1430,270,1.93603467884234e-18
1431,270,2.96650389725215e-14
1432,270,6.97272731517745e-11
1433,270,3.82199060276432e-08
1434,270,4.17854137904911e-06
1435,270,3.02196500570014e-08
1470,270,6.93033750696142e-18
1471,270,1.20063213598462e-13
1472,270,3.6014426189436e-10
1473,270,2.9192567105524e-07
1474,270,6.72933522697615e-05
1475,270,0.00437264468641963
1510,270,1.39902903889966e-17
1511,270,2.63496421211511e-13
1512,270,9.16596669343425e-10
1513,270,9.10693018893046e-07
1514,270,0.00027946246348415
1515,270,0.0213309148219719
1516,270,0.601738637062815
1550,270,1.51052905468727e-17
1551,270,3.0104905318117e-13
1552,270,1.1513681298365e-09
1553,270,1.28859291386376e-06
1554,270,0.000443125885207654
1555,270,0.0398453139285539
1556,270,0.166692163505201
1590,270,6.43046996618331e-18
1591,270,1.34059143900608e-13
1592,270,5.51102294894682e-10
1593,270,6.7620551547136e-07
1594,270,0.000261539886826665
1595,270,0.0233161011954271
1596,270,0.14164538445019
1390,280,7.58484706611616e-19
1391,280,5.47839479399839e-15
1392,280,7.18168060183674e-12
1393,280,1.49416629935849e-09
1429,280,4.53582889683056e-23
1430,280,5.06463743129904e-18
1431,280,4.51450199016768e-14
1432,280,8.73326340496096e-11
1433,280,4.33627003896793e-08
1434,280,4.47479283702041e-06
1435,280,3.15276443141858e-08
1469,280,1.77563235937047e-22
1470,280,1.71609940132551e-17
1471,280,1.80038290640022e-13
1472,280,4.48139384889197e-10
1473,280,3.30078740581137e-07
1474,280,7.17860371741128e-05
1475,280,0.00449736135433795
1509,280,3.30101839957784e-22
1510,280,3.33925836440282e-17
1511,280,3.90987363425319e-13
1512,280,1.13526743081121e-09
1513,280,1.02688269267453e-06
1514,280,0.000297634783502356
1515,280,0.021836084864125
1516,280,0.601716212175971
1549,280,3.36832296283855e-22
1550,280,3.52019763462785e-17
1551,280,4.43507210269348e-13
1552,280,1.4212596646036e-09
1553,280,1.45027681247431e-06
1554,280,0.000471197034011694
1555,280,0.0407656560823834
1556,280,0.164978860800448
1589,280,1.37489318649533e-22
1590,280,1.47580680959477e-17
1591,280,1.96565586293211e-13
1592,280,6.7883344829653e-10
1593,280,7.60087618154334e-07
1594,280,0.000277912711671492
1595,280,0.023814531987576
1596,280,0.141264639886312
1390,290,2.73597831685705e-19
1391,290,3.54269853521923e-15
1392,290,5.68560163195266e-12
1393,290,1.30592789018762e-09
1430,290,1.9568982764998e-18
1431,290,2.9763367214827e-14
1432,290,6.9819785623621e-11
1433,290,3.82250366356519e-08
1434,290,4.17227874674198e-06
1435,290,3.01703517524409e-08
1470,290,6.98807493759313e-18
1471,290,1.20418530044813e-13
1472,290,3.6070216392499e-10
1473,290,2.92193374388682e-07
1474,290,6.73143980270944e-05
1475,290,0.00436719095574201
1510,290,1.40784755977696e-17
1511,290,2.64127696713802e-13
1512,290,9.17883742041027e-10
1513,290,9.11684543401559e-07
1514,290,0.000279757694188188
1515,290,0.0213498272407765
1516,290,0.601180694396503
1550,290,1.51778956888944e-17
1551,290,3.01606257003224e-13
1552,290,1.15263863480611e-09
1553,290,1.28977505401815e-06
1554,290,0.000443560130278543
1555,290,0.0399101754126134
1556,290,0.16689788882858
1590,290,6.45548117690128e-18
1591,290,1.34257450522992e-13
1592,290,5.51585592593071e-10
1593,290,6.76692542479295e-07
1594,290,0.000261747006756088
1595,290,0.0233326107869392
1596,290,0.141901817764849
1391,300,5.48432771866654e-16
1392,300,2.48679621860507e-12
1393,300,8.34331795549677e-10
1431,300,5.42132472921224e-15
1432,300,3.19088639730781e-11
1433,300,2.51654277199167e-08
1434,300,3.33260041334926e-06
1435,300,2.61799644349427e-08
1471,300,2.43797342873255e-14
1472,300,1.69824835136022e-10
1473,300,1.95179068276033e-07
1474,300,5.46814219661319e-05
1475,300,0.00398322702442208
1511,300,5.71809036942062e-14
1512,300,4.40772415867306e-10
1513,300,6.15431194372483e-07
1514,300,0.000228850982324828
1515,300,0.0198447454483512
1516,300,0.600081150496188
1551,300,6.81237870734253e-14
1552,300,5.61021856486505e-10
1553,300,8.76305051804009e-07
1554,300,0.000364692174767647
1555,300,0.0372183662970232
1556,300,0.172578763533716
1591,300,3.11507407873571e-14
1592,300,2.70751503212331e-10
1593,300,4.61700837098072e-07
1594,300,0.00021563703700116
1595,300,0.0218315730204947
1596,300,0.143592777690504
1392,310,2.09875281148021e-13
1393,310,3.12090214319048e-10
1432,310,3.90883589302074e-12
1433,310,1.03340356456093e-08
1434,310,2.13753355995386e-06
1435,310,1.96453948012092e-08
1472,310,2.50874398015571e-11
1473,310,8.35734818538385e-08
1474,310,3.63439208276219e-05
1475,310,0.0033480878554869
1512,310,7.23943717994394e-11
1513,310,2.71454080082396e-07
1514,310,0.000154332068801431
1515,310,0.0172388942188666
1516,310,0.598275143485648
1552,310,9.8420631451648e-11
1553,310,3.93598822624674e-07
1554,310,0.000248653909636574
1555,310,0.0325134918226652
1556,310,0.182404207325025
1592,310,4.94091289524153e-11
1593,310,2.09870131048075e-07
1594,310,0.000147721333705026
1595,310,0.0191948100787973
1596,310,0.146435187409515
1433,320,8.59713019861313e-10
1434,320,8.87767851020739e-07
1435,320,1.07316496644242e-08
1473,320,9.9097577196325e-09
1474,320,1.65453675872522e-05
1475,320,0.0024664973761679
1513,320,3.89033827696337e-08
1514,320,7.28010500313568e-05
1515,320,0.0133891799189719
1516,320,0.595519255530783
1553,320,6.23678716605723e-08
1554,320,0.000120529707398164
1555,320,0.0254902037294017
1556,320,0.19703908360446
1593,320,3.53793408942876e-08
1594,320,7.2524739447004e-05
1595,320,0.0152189672872005
1596,320,0.150593365768986
1474,330,1.55036620344682e-06
1475,330,0.00134630044985629
1514,330,9.41856397008387e-06
1515,330,0.00807980715390308
1516,330,0.59145276245926
1554,330,1.8960096943656e-05
1555,330,0.015693100786277
1556,330,0.217480939848168
1594,330,1.24417248710132e-05
1595,330,0.0095983964977317
1596,330,0.156306322052817
1515,340,0.00100476644127199
1516,340,0.585573313364952
1555,340,0.00248459923346723
1556,340,0.245136289460193
1595,340,0.00190172844609103
1596,340,0.163899303054026
1477,350,0.00807172605271045
1517,350,0.307155477382491
1556,350,0.051645461336354
1557,350,0.444682440979476
1596,350,0.0332290926827985
1597,350,0.155215801566171
1477,360,0.00329484881728285
1478,360,0.00521882082287886
1517,360,0.293445514224927
1518,360,0.0181385438805299
1556,360,0.00953065156309245
1557,360,0.437941745878286
1558,360,0.0244535479294945
1596,360,0.00640831390844048
1597,360,0.186361913788177
1598,360,0.0152060991868915
1439,370,1.20645013645883e-06
1477,370,0.00144740246624621
1478,370,0.00910176878294082
1479,370,0.000282692650336271
1517,370,0.272811836050404
1518,370,0.0331700707559207
1519,370,0.000818656615958136
1556,370,0.00186493874579772
1557,370,0.41004858752078
1558,370,0.0469811095422276
1559,370,0.00103537967590074
1596,370,0.00128219812831767
1597,370,0.189938985358666
1598,370,0.0305147995586241
1599,370,0.000700367697743878
1439,380,2.57314170524303e-06
1477,380,0.000727204010005129
1478,380,0.0121776515899687
1479,380,0.000783653255295759
1517,380,0.252452230590694
1518,380,0.0456038577164873
1519,380,0.00230263043761892
1556,380,0.000461554847787686
1557,380,0.380747795132076
1558,380,0.0664508072962603
1559,380,0.0029662974313179
1596,380,0.000300625723434652
1597,380,0.188300714457436
1598,380,0.0446637696669555
1599,380,0.00205863470295654
1439,390,3.8521640840678e-06
1477,390,0.000441977437220829
1478,390,0.0147062929095683
1479,390,0.00145623392622467
1517,390,0.23361899596136
1518,390,0.0559402295615163
1519,390,0.00431685293478736
1556,390,0.000198045891158338
1557,390,0.353438933556602
1558,390,0.0830001975231928
1559,390,0.00563078577722466
1596,390,0.000110383856753384
1597,390,0.185628257727274
1598,390,0.0575200162263853
1599,390,0.00398894454664776
1439,400,5.00951507900604e-06
1477,400,0.000325016069723336
1478,400,0.0168217607403351
1479,400,0.00226525881727574
1517,400,0.216430648884347
1518,400,0.0645416059006273
1519,400,0.00675045418425027
1556,400,0.000142740488989646
1557,400,0.328523508187118
1558,400,0.0969642694986134
1559,400,0.00888437971019957
1596,400,7.13191465714825e-05
1597,400,0.18271700987401
1598,400,0.0691510851108625
1599,400,0.00640593387199707
1439,410,6.05746851544335e-06
1477,410,0.000273409879338756
1478,410,0.0186027649747358
1479,410,0.00318272085189245
1517,410,0.200788272439109
1518,410,0.0716782771467286
1519,410,0.00951162011512503
1556,410,0.000126005036886476
1557,410,0.305872783572483
1558,410,0.108678043772328
1559,410,0.0126029651362563
1596,410,6.12973631139739e-05
1597,410,0.179729800344944
1598,410,0.0796539164516361
1599,410,0.0092320654469064
1439,420,7.01275280640944e-06
1477,420,0.00024741065861758
1478,420,0.0201029224273968
1479,420,0.00418553059464221
1517,420,0.186557287794509
1518,420,0.0775653467261759
1519,420,0.0125233813687102
1556,420,0.000116881426104217
1557,420,0.285281714319742
1558,420,0.118443035061294
1559,420,0.0166804573134069
1596,420,5.70158271854141e-05
1597,420,0.176709953826241
1598,420,0.0891238486696723
1599,420,0.0123982012334957
1439,430,7.88881375590924e-06
1477,430,0.00023164972835454
1478,430,0.0213632984769829
1479,430,0.00525432724434691
1517,430,0.173605465133382
1518,430,0.0823820454844723
1519,430,0.0157208251120055
1556,430,0.000109671335819543
1557,430,0.266550420063006
1558,430,0.126524576949556
1559,430,0.0210262841429445
1596,430,5.40159031866802e-05
1597,430,0.173677075716162
1598,430,0.0976494809873267
1599,430,0.015842974908699
1439,440,8.69583150429781e-06
1477,440,0.000220173802440226
1478,440,0.0224176636451165
1479,440,0.00637277662216879
1517,440,0.161810950181104
1518,440,0.0862814492096288
1519,440,0.0190491451871203
1556,440,0.000103285339698001
1557,440,0.24949707529707
1558,440,0.133154787673514
1559,440,0.025563247117741
1596,440,5.14311984477266e-05
1597,440,0.170645052732733
1598,440,0.105312257605765
1599,440,0.0195120085559489
1439,450,9.44179943614992e-06
1477,450,0.000210667313773415
1478,450,0.0232948260078743
1479,450,0.00752709424407924
1517,450,0.15106344543613
1518,450,0.0893958198901861
1519,450,0.0224621512889427
1556,450,9.74796118246058e-05
1557,450,0.233958397905753
1558,450,0.13853629930027
1559,450,0.030225718369823
1596,450,4.90811542116742e-05
1597,450,0.167625534623147
1598,450,0.112186874807103
1599,450,0.0233571682474455
1439,460,1.01333352216224e-05
1477,460,0.0002022207982005
1478,460,0.0240197876969628
1479,460,0.00870568190632995
1517,460,0.141263688952478
1518,460,0.0918399941818041
1519,460,0.0259210525468334
1556,460,9.21692555450004e-05
1557,460,0.219788077823755
1558,460,0.142845795790878
1559,460,0.0349580966202554
1596,460,4.69173700295375e-05
1597,460,0.164628695497839
1598,460,0.118341797778935
1599,460,0.0273358904449325
1439,470,1.07761514738223e-05
1477,470,0.000194468723844333
1478,470,0.0246144156615531
1479,470,0.00989883030239842
1517,470,0.132322517352594
1518,470,0.0937138460079095
1519,470,0.029393428422271
1556,470,8.73025553146747e-05
1557,470,0.206855019580004
1558,470,0.146237190158067
1559,470,0.0397134696775185
1596,470,4.49180436649829e-05
1597,470,0.161663477487351
1598,470,0.123839760503489
1599,470,0.0314105793725468
1439,480,1.13753112202336e-05
1477,480,0.000187256339078423
1478,480,0.02509789875887
1479,480,0.0110984664324736
1517,480,0.124159874598262
1518,480,0.0951042510328562
1519,480,0.0328523426373548
1556,480,8.28375899783171e-05
1557,480,0.195041717247165
1558,480,0.148844435672497
1559,480,0.044452449152242
1596,480,4.3067730436305e-05
1597,480,0.158737728972018
1598,480,0.12873822905639
1599,480,0.0355480694691583
1439,490,1.19353695661538e-05
1477,490,0.000180510923718874
1478,490,0.0254870996542874
1479,490,0.0122979352525097
1517,490,0.116703874407416
1518,490,0.0960867367281616
1519,490,0.0362755742414085
1556,490,7.87375684063518e-05
1557,490,0.184242799364935
1558,490,0.150784001243451
1559,490,0.04914215274359
1596,490,4.13533532024005e-05
1597,490,0.155858315204739
1598,490,0.133089827677777
1599,490,0.0397191462668317
1439,500,1.24604591336108e-05
1477,500,0.000174192030095088
1478,500,0.0257968461426942
1479,500,0.0134918094612236
1517,500,0.10988994595087
1518,500,0.0967269037218145
1519,500,0.0396449481835473
1556,500,7.49696231567067e-05
1557,500,0.174363733433637
1558,500,0.152157046904745
1559,500,0.0537553147401755
1596,500,3.97633187721267e-05
1597,500,0.153031216555749
1598,500,0.136942730061201
1599,500,0.0438981194131853
1439,510,1.29543480308828e-05
1477,510,0.000168272251969076
1478,510,0.0260401814586562
1479,510,0.0146757232917328
1517,510,0.103660066552577
1518,510,0.0970816642435597
1519,510,0.0429457518830472
1556,510,7.15042731698025e-05
1557,510,0.165319673321948
1558,510,0.153051333930849
1559,510,0.0582695086293505
1596,510,3.82872389851036e-05
1597,510,0.150261617831484
1598,510,0.1403410185925
1599,510,0.048062442152141
1439,520,1.34204838648263e-05
1477,520,0.000162729791679013
1478,520,0.0262285831875495
1479,520,0.0158462271454051
1517,520,0.0979620765336695
1518,520,0.0972003265328892
1519,520,0.0461662266898743
1556,520,6.83150431153879e-05
1557,520,0.15703443370654
1558,520,0.153542900947513
1559,520,0.0626664680034321
1596,520,3.69157792176705e-05
1597,520,0.147553989861473
1598,520,0.143325014109642
1599,520,0.0521923721841353
1439,530,1.38620299937342e-05
1477,530,0.000157545585982407
1478,530,0.0263721563076763
1479,530,0.0170006604640015
1517,530,0.0927490688491917
1518,530,0.0971255462067342
1519,530,0.0492971247641187
1556,530,6.53781424727741e-05
1557,530,0.149439577356923
1558,530,0.153697533985479
1559,530,0.0669314937499139
1596,530,3.56405421847618e-05
1597,530,0.144912164080132
1598,530,0.145931578545794
1599,530,0.0562706693894032
1439,540,1.4281896887965e-05
1477,540,0.000152702192178267
1478,540,0.026479804111049
1479,540,0.0181370406133555
1517,540,0.0879788458538076
1518,540,0.0968941613798837
1519,540,0.0523313231595383
1556,540,6.2672183382359e-05
1557,540,0.142473602705894
1558,540,0.153572055193682
1559,540,0.0710529370115369
1596,540,3.44539682755526e-05
1597,540,0.142339400704216
1598,540,0.148194392621286
1599,540,0.060282326405028
1439,550,1.46827699919298e-05
1477,550,0.000148183352909559
1478,550,0.0265593798818263
1479,550,0.0192539658399764
1517,550,0.083613435972434
1518,550,0.0965379256788613
1519,550,0.0552634879316416
1556,550,6.0177930416129e-05
1557,550,0.136081220587209
1558,550,0.153215451998484
1559,550,0.0750217486905494
1596,550,3.33492477489843e-05
1597,550,0.139838451048193
1598,550,0.150144210570883
1599,550,0.0642143284988759
1439,560,1.50671348354051e-05
1477,560,0.000143973821811883
1478,560,0.0266178217172072
1479,560,0.0203505305991201
1517,560,0.0796186637148923
1518,560,0.0960841513561404
1519,560,0.0580897819748715
1556,560,5.78780782812601e-05
1557,560,0.13021271029064
1558,560,0.152669865882761
1559,560,0.0788310873953694
1596,560,3.23202429209792e-05
1597,560,0.13741161447672
1598,560,0.15180909372879
1599,560,0.0680554395856379
1439,570,1.54372998559143e-05
1477,570,0.000140059288816467
1478,570,0.0266612725449789
1479,570,0.0214262517557065
1517,570,0.0759637671660105
1518,570,0.0955562731602474
1519,570,0.0608076110613531
1556,570,5.57570542857524e-05
1557,570,0.124823346204533
1558,570,0.151971457644368
1559,570,0.0824759787147887
1596,570,3.13614191219643e-05
1597,570,0.135060790455637
1598,570,0.153214624643213
1599,570,0.0717960115870837
1439,580,1.57954172614569e-05
1477,580,0.000136426343135041
1478,580,0.0266951871411471
1479,580,0.0224810043361043
1517,580,0.0726210577361611
1518,580,0.0949743423063655
1519,580,0.0634154032256812
1556,580,5.38008428164933e-05
1557,580,0.119872887307526
1558,580,0.151151163948988
1559,580,0.0859530195742642
1596,580,3.04677834267744e-05
1597,580,0.132787526128231
1598,580,0.154384103253603
1599,580,0.0754278146552889
1439,590,1.61435021961443e-05
1477,590,0.000133062450295007
1478,590,0.0267244277459353
1479,590,0.0235149656638948
1517,590,0.0695656175516738
1518,590,0.0943554587556201
1519,590,0.065912417230254
1556,590,5.19968294046384e-05
1557,590,0.115325122650482
1558,590,0.150235358188002
1559,590,0.0892601221959895
1596,590,2.96348302904821e-05
1597,590,0.130593059811517
1598,590,0.155338726535836
1599,590,0.0789438860586099
1439,600,1.64834504332381e-05
1477,600,0.000129955934389924
1478,600,0.0267533497020684
1479,600,0.0245285668493644
1517,600,0.0667750303973026
1518,600,0.0937141490141124
1519,600,0.0682985763644548
1556,600,5.03336622342574e-05
1557,600,0.111147466750339
1558,600,0.149246427059968
1559,600,0.092396292862107
1596,600,2.88584933275845e-05
1597,600,0.128478360777638
1598,600,0.156097752902584
1599,600,0.0823383957796765
1439,610,1.68170547952145e-05
1477,610,0.000127095962402836
1478,610,0.0267858783885025
1479,610,0.0255224507230202
1517,610,0.0642291425975344
1518,610,0.0930626957827403
1519,610,0.0705743242873982
1556,610,4.88011291992005e-05
1557,610,0.107310599511365
1558,610,0.148203272889251
1559,610,0.0953614412796117
1596,610,2.81351025617066e-05
1597,610,0.126444165658154
1598,610,0.156678652537151
1599,610,0.0856065270963128
1439,620,1.71460204823321e-05
1477,620,0.000124472529634343
1478,620,0.0268255785916199
1479,620,0.0264974354098221
1517,620,0.0619098506454795
1518,620,0.0924114250096285
1519,620,0.0727405000256092
1556,620,4.7390048834483e-05
1557,620,0.103788145906166
1558,620,0.14712175045482
1559,620,0.0981562168758596
1596,620,2.74613465521883e-05
1597,620,0.124491011783704
1598,620,0.157097244738434
1599,620,0.0887443706133533
1439,630,1.74719794770384e-05
1477,630,0.000122076446084811
1478,630,0.0268757173417486
1479,630,0.0274544828347199
1517,630,0.0598009127631005
1518,630,0.091768955205495
1519,630,0.0747982295905032
1556,630,4.6092173645331e-05
1557,630,0.100556391197977
1558,630,0.146015046006155
1559,630,0.100781868823632
1596,630,2.68342388742239e-05
1597,630,0.122619267748373
1598,630,0.157367823261549
1599,630,0.0917488303886653
1439,640,1.77965041802315e-05
1477,640,0.000119899323937464
1478,640,0.0269393211437328
1479,640,0.0283946715329356
1517,640,0.0578877819100219
1518,640,0.0911424132673488
1519,640,0.0767488319917045
1556,640,4.49001045322112e-05
1557,640,0.097594027975075
1558,640,0.144894005173924
1559,640,0.103240127011956
1596,640,2.62510884917661e-05
1597,640,0.120829161466736
1598,640,0.15750327055254
1599,640,0.0946175409528825
1439,650,1.81211204264056e-05
1477,650,0.000117933566391284
1478,650,0.0270192284446027
1479,650,0.0293191732114974
1517,650,0.0561574580550578
1518,650,0.0905376205078426
1519,650,0.0785937376962059
1556,650,4.38072151662307e-05
1557,650,0.0948819317047969
1558,650,0.143767415624851
1559,650,0.105533101550023
1596,650,2.57094736181335e-05
1597,650,0.119120805972075
1598,650,0.157515161695771
1599,650,0.0973487941616735
1439,660,1.84473200179217e-05
1477,660,0.000116172358129192
1478,660,0.0271181381078445
1479,660,0.0302292325729346
1517,660,0.0545983577893065
1518,660,0.0899592520977663
1519,660,0.0803344178246635
1556,660,4.28075853085624e-05
1557,660,0.0924029619048993
1558,660,0.142642249549153
1559,660,0.107663198722552
1596,660,2.52072187090249e-05
1597,660,0.117494223186422
1598,660,0.15741385881849
1599,660,0.0999414749438029
1439,670,1.87765729143878e-05
1477,670,0.00011460965773769
1478,670,0.0272386546012579
1479,670,0.0311261499687768
1517,670,0.0532001995961488
1518,670,0.0894109726898984
1519,670,0.0819723225887379
1556,670,4.18959421920729e-05
1557,670,0.0901417863795582
1558,670,0.141523870392728
1559,670,0.109633051611106
1596,670,2.47423742771716e-05
1597,670,0.115949365876863
1598,670,0.157208596628203
1599,670,0.102395005119601
1439,680,1.91103392127322e-05
1477,680,0.000113240192467313
1478,680,0.0273833305529434
1479,680,0.0320112665004319
1517,680,0.051953903305252
1518,680,0.0888955505968256
1519,680,0.0835088276609018
1556,680,4.10676091949556e-05
1557,680,0.0880847262811857
1558,680,0.140416207643987
1559,680,0.11144546386198
1596,680,2.43131992578283e-05
1597,680,0.114486137997784
1598,680,0.156907559694276
1599,680,0.104709294564299
1439,690,1.94500810611515e-05
1477,690,0.000112059455922242
1478,690,0.0275547072867842
1479,690,0.0328859512289283
1517,690,0.0508515024478428
1518,690,0.0884149525371486
1519,690,0.0849451873336646
1556,690,4.03184611365384e-05
1557,690,0.0862196200420377
1558,690,0.139321902947138
1559,690,0.113103365321574
1596,690,2.3918145690312e-05
1597,690,0.113104413605417
1598,690,0.156517952025191
1599,690,0.106884699080463
1439,700,1.97972746781394e-05
1477,700,0.000111063709789509
1478,700,0.0277553539141617
1479,700,0.0337515901935676
1517,700,0.0498860684018057
1518,700,0.0879704206380078
1519,700,0.0862824934715445
1556,700,3.96448856159572e-05
1557,700,0.0845357044753681
1558,700,0.138242430331069
1559,700,0.114609778478583
1596,700,2.35558455133753e-05
1597,700,0.111804054519005
1598,700,0.156046059436634
1599,700,0.108921984424656
1439,710,2.0153422732986e-05
1477,710,0.000110249992061831
1478,710,0.0279879055318916
1479,710,0.0346095769733462
1517,710,0.0490516453699049
1518,710,0.0875625330817103
1519,710,0.0875216393888368
1556,710,3.90437498962731e-05
1557,710,0.0830235115783981
1558,710,0.137178192908156
1559,710,0.115967794852314
1596,710,2.32250993018627e-05
1597,710,0.110584926892096
1598,710,0.155497305152633
1599,710,0.11082229600672
1439,720,2.05200675950985e-05
1477,720,0.000109616137644597
1478,720,0.0282551010566872
1479,720,0.035461304554545
1517,720,0.0483431953743883
1518,720,0.0871912495051493
1519,720,0.0886632879015597
1556,720,3.8512372910697e-05
1557,720,0.081674779782014
1558,720,0.136128598003172
1559,720,0.11718056065127
1596,720,2.29248667993335e-05
1597,720,0.109446916847855
1598,720,0.154876299031842
1599,720,0.112587133846567
1439,730,2.08988066968971e-05
1477,730,0.000109160826017498
1478,730,0.0285598212125106
1479,730,0.0363081582934906
1517,730,0.0477565525771738
1518,730,0.0868559419968645
1519,730,0.0897078429049923
1556,730,3.8048502034163e-05
1557,730,0.0804823785880784
1558,730,0.13509211231298
1559,730,0.118251271198832
1596,730,2.26542591268442e-05
1597,730,0.108389945323646
1598,730,0.15418688076346
1599,730,0.114218332434097
1439,740,2.12913134254421e-05
1477,740,0.000108883693062429
1478,740,0.0289051271760493
1479,740,0.0371515097851011
1517,740,0.047288386345349
1518,740,0.0865554122802738
1519,740,0.0906554239209908
1556,740,3.76502943220251e-05
1557,740,0.0794402457176183
1558,740,0.134066298367277
1559,740,0.119183173786194
1596,740,2.24125325736411e-05
1597,740,0.107413982262553
1598,740,0.153432157331569
1599,740,0.11571804519364
1439,750,2.16993733546161e-05
1477,750,0.000108785601570188
1478,750,0.0292943003699955
1479,750,0.0379927114643972
1517,750,0.0469361725702521
1518,750,0.0862878954096397
1519,750,0.0915058431440444
1556,750,3.73163019680564e-05
1557,750,0.0785433360651798
1558,750,0.133047833254818
1559,750,0.119979578769636
1596,750,2.21990839085747e-05
1597,750,0.106519060282766
1598,750,0.152614535002683
1599,750,0.117088733305786
1439,760,2.21249644933795e-05
1477,760,0.000108869311873089
1478,760,0.0297308838548354
1479,760,0.0388330917756715
1517,760,0.046698172795489
1518,760,0.0860510500101778
1519,760,0.0922585845949929
1556,760,3.70454617901254e-05
1557,760,0.0777875819202537
1558,760,0.132032510295273
1559,760,0.120643878882706
1596,760,2.20134472283391e-05
1597,760,0.105705287949671
1598,760,0.151735746048199
1599,760,0.118333158687345
1439,770,2.25704658629285e-05
1477,770,0.000109141170445932
1478,770,0.0302187256572656
1479,770,0.0396739507296018
1517,770,0.0465734206628583
1518,770,0.0858419347005605
1519,770,0.0929127850723781
1556,770,3.68370887314926e-05
1557,770,0.0771698640818454
1558,770,0.131015224074301
1559,770,0.121179576888032
1596,770,2.18552926681128e-05
1597,770,0.104972862769711
1598,770,0.150796870370809
1599,770,0.119454380974928
1439,780,2.3039242805044e-05
1477,780,0.000109615399168782
1478,780,0.0307620240533682
1479,780,0.0405165555928874
1517,780,0.0465617149105705
1518,780,0.0856569696840471
1519,780,0.0934672166870728
1556,780,3.66908744142857e-05
1557,780,0.0766879936679885
1558,780,0.129989939026464
1559,780,0.121590321854589
1596,780,2.17244288132273e-05
1597,780,0.104322084017977
1598,780,0.149798352160396
1599,780,0.120455758399438
1439,790,2.35373413010419e-05
1477,790,0.0001103250428431
1478,790,0.0313653739399002
1479,790,0.0413621361989283
1517,790,0.0466636173097426
1518,790,0.0854918811754448
1519,790,0.0939202709105063
1556,790,3.66068979975006e-05
1557,790,0.0763407046306038
1558,790,0.128949641574524
1559,790,0.121879954527338
1596,790,2.16208184017998e-05
1597,790,0.10375336549679
1598,790,0.148740011658331
1599,790,0.121340952477348
1439,800,2.40784502378334e-05
1477,800,0.000111349984742544
1478,800,0.0320338110193843
1479,800,0.0422118785740928
1517,800,0.0468804516176463
1518,800,0.0853416233009861
1519,800,0.0942699443518418
1556,800,3.65856918110333e-05
1557,800,0.076127657269993
1558,800,0.127886275792065
1559,800,0.122052562486841
1596,800,2.15446570230329e-05
1597,800,0.103267248270504
1598,800,0.147621052054854
1599,800,0.122113936477977
1439,810,2.46984962276036e-05
1477,810,0.000112888753543498
1478,810,0.0327728440170353
1479,810,0.0430669131713816
1517,810,0.047214293585501
1518,810,0.0852002646881593
1519,810,0.0945138271519778
1556,810,3.66285984894971e-05
1557,810,0.0760494534488938
1558,810,0.126790662858839
1559,810,0.122112546150067
1596,810,2.14967726318015e-05
1597,810,0.102864413184698
1598,810,0.146440061474317
1599,810,0.122779007648237
1439,820,2.54986317382097e-05
1477,820,0.000115442765355206
1478,820,0.0335884475831583
1479,820,0.0439282867918257
1517,820,0.0476679263977877
1518,820,0.0850608082758726
1519,820,0.094649096616392
1556,820,3.67397140796341e-05
1557,820,0.0761076645404715
1558,820,0.125652405789356
1559,820,0.122064697325016
1596,820,2.14806842120906e-05
1597,820,0.102545691799333
1598,820,0.145195009914867
1599,820,0.123340803170534
1439,830,2.67719099006589e-05
1477,830,0.000120289426441673
1478,830,0.0344869410638715
1479,830,0.0447968857074325
1517,830,0.0482446951552405
1518,830,0.0849148652866242
1519,830,0.0946725233526924
1556,830,3.69364398116077e-05
1557,830,0.0763048712801783
1558,830,0.124459784594313
1559,830,0.121914293471455
1596,830,2.15132693264238e-05
1597,830,0.102312068307682
1598,830,0.143883240987288
1599,830,0.123804319747742
1439,840,2.93765915593478e-05
1477,840,0.000130697794404067
1478,840,0.0354745496816892
1479,840,0.0456732131389642
1517,840,0.048948086134137
1518,840,0.0847519827074399
1519,840,0.0945805098147105
1556,840,3.73066265843054e-05
1557,840,0.0766446965432291
1558,840,0.123199657733482
1559,840,0.121667214224767
1596,840,2.16801345478346e-05
1597,840,0.102164633414604
1598,840,0.142501459051043
1599,840,0.124174936408839
1439,850,3.58362199644148e-05
1477,850,0.000155054181363842
1478,850,0.0365560949388377
1479,850,0.0465567324669941
1517,850,0.0497805608935331
1518,850,0.0845581133323402
1519,850,0.0943692157855778
1556,850,3.83176045687056e-05
1557,850,0.0771316957772379
1558,850,0.121857418013715
1559,850,0.121330095041033
1596,850,2.24231496953842e-05
1597,850,0.102104285122361
1598,850,0.141045718326299
1599,850,0.124458439146479
1439,860,5.35810891751515e-05
1477,860,0.000214903131057268
1478,860,0.0377313071757891
1479,860,0.0474439168232237
1517,860,0.0507403113656657
1518,860,0.0843119303008399
1519,860,0.0940349205204694
1556,860,4.24869877487338e-05
1557,860,0.0777703025797249
1558,860,0.120417157830185
1559,860,0.120910552886459
1596,860,2.60337000548715e-05
1597,860,0.102130095654087
1598,860,0.139511457325791
1599,860,0.12466104262973
1439,870,0.000104498658906184
1477,870,0.000365645979558026
1478,870,0.0389846442253853
1479,870,0.0483224488422551
1517,870,0.0518118068758827
1518,870,0.0839757191598865
1519,870,0.0935750327353366
1556,870,6.34205711416832e-05
1557,870,0.0785583562297285
1558,870,0.118862598356621
1559,870,0.120417564741174
1596,870,4.44070387164749e-05
1597,870,0.102230634305359
1598,870,0.1378938309384
1599,870,0.124789391341648
1439,880,0.000253069746600873
1477,880,0.000749855797410677
1478,880,0.0402573524498552
1479,880,0.0491539729158359
1517,880,0.0529356772475391
1518,880,0.0834728078381233
1519,880,0.0929908734589738
1556,880,0.000174743811347611
1557,880,0.0794509011836121
1558,880,0.117181036446348
1559,880,0.119862167687434
1596,880,0.000139303854251948
1597,880,0.102338026834634
1598,880,0.13618974397442
1599,880,0.124850466753613
1439,890,0.000689253177263529
1477,890,0.00173471038595028
1478,890,0.0413709404978232
1479,890,0.0498228294908843
1517,890,0.0538998147439921
1518,890,0.0826327671112146
1519,890,0.0922952734600632
1556,890,0.000775296345308926
1557,890,0.0801635640187471
1558,890,0.115380544876656
1559,890,0.119258715387439
1596,890,0.000631346833667145
1597,890,0.102084633442267
1598,890,0.13440924867271
1599,890,0.124851061556013
