t,Antenna ID,Event Code,Device ID,x,y, Tile ID
0,46,0,217,6254.290960,2018.100601,345
0,23,0,719,1458.072003,4889.629017,765
0,26,0,734,3426.110499,3191.464292,493
0,23,0,625,540.190771,4250.938680,682
0,66,0,575,5255.325831,4575.948540,741
0,33,0,554,931.258847,798.682131,123
0,28,0,567,3255.985153,6964.895595,1093
0,43,0,726,9945.655739,5381.816794,879
0,53,0,507,7505.560744,3632.762994,590
0,24,0,211,1643.927980,5647.472332,886
0,47,0,649,8790.629736,5237.544642,835
0,16,0,89,9323.501019,1589.285791,277
0,37,0,453,1337.959814,2245.175692,325
0,43,0,497,9953.323998,5661.008972,919
0,31,0,343,7050.340601,6084.082233,988
0,45,0,714,5535.329877,3291.106416,542
0,26,0,225,2776.512986,4162.297484,651
0,35,0,584,9329.981977,9657.599485,1557
0,66,0,618,4505.521899,3895.377781,618
0,24,0,592,2621.021439,6286.343682,1010
0,24,0,635,2871.885205,5923.844753,931
0,42,0,441,8238.723824,5959.643063,952
0,25,0,158,1756.137362,4068.299851,647
0,32,0,777,5833.385830,8435.483292,1343
0,34,0,492,9184.336730,8912.842925,1436
0,67,0,86,9289.815215,5190.075881,837
0,42,0,505,8656.243847,5710.015983,914
0,24,0,350,2595.255177,4694.895266,730
0,36,0,251,7503.077914,7632.705316,1230
0,24,0,151,2404.767011,4401.025543,689
0,28,0,474,3524.095113,5718.365052,894
0,32,0,392,7475.879055,8656.641722,1389
0,30,0,527,6124.922540,4951.955646,784
0,47,0,562,8237.345665,4602.405777,752
0,22,0,768,2560.660261,7014.274562,1130
0,24,0,746,3331.374810,5598.465361,893
0,28,0,676,3979.102540,6350.056992,1015
0,49,0,494,5087.950456,1010.731182,180
0,28,0,179,3462.071255,6932.200220,1093
0,63,0,147,5229.266618,1782.405177,300
0,43,0,698,9686.320510,5088.640944,838
0,22,0,712,1840.685172,7986.242040,1247
0,66,0,574,5255.325831,4575.948540,741
0,58,0,332,8026.328724,6931.781925,1112
0,33,0,553,931.258847,798.682131,123
0,18,0,185,2485.368181,9910.834022,1569
0,43,0,662,9928.687554,5394.959370,879
0,20,0,490,4690.489384,7929.846449,1258
0,20,0,400,4639.201418,7422.022664,1178
0,27,0,95,2400.900747,2500.914997,409
0,25,0,687,1193.691114,3147.826808,484
0,43,0,697,9686.320510,5088.640944,838
0,20,0,556,4981.388536,8115.123338,1299
0,20,0,242,4450.074819,7692.799316,1217
0,20,0,271,4502.834223,7802.042007,1258
0,20,0,286,3557.634022,8294.578066,1334
0,22,0,394,1816.753703,7334.680465,1167
0,20,0,354,4686.014592,8875.209650,1418
0,18,0,278,4003.168993,9556.155244,1536
0,60,0,509,6208.563510,4686.522530,744
0,22,0,368,2913.566449,6991.702282,1091
0,18,0,690,2892.912208,9389.793733,1491
0,18,0,521,4042.719338,9093.419073,1456
0,18,0,327,2868.966319,9423.485127,1491
0,20,0,312,5139.227474,7759.551045,1260
0,31,0,134,6826.104944,6788.599993,1107
0,22,0,297,1862.903763,7398.013062,1167
0,43,0,661,9928.687554,5394.959370,879
0,12,0,586,491.758982,1997.298408,281
0,12,0,373,411.392695,1348.935459,201
0,46,0,77,5910.858761,2249.029033,343
0,17,0,736,6286.272766,9695.030980,1545
0,12,0,273,272.556108,1555.982756,241
0,22,0,750,2069.132937,6616.979895,1048
0,28,0,743,3875.576113,6835.190742,1095
0,36,0,190,7312.391328,7577.025748,1229
0,38,0,560,3969.222647,3153.281075,495
0,22,0,723,2391.586681,6815.506602,1089
0,22,0,214,2987.174670,8217.054549,1291
0,22,0,540,2329.079105,7066.299307,1129
0,24,0,644,2300.683427,5539.887762,889
0,27,0,129,2306.164646,2616.660920,409
0,22,0,281,1956.110144,8607.870382,1367
0,22,0,280,1956.110144,8607.870382,1367
0,28,0,781,4404.513244,6803.609570,1097
0,49,0,431,5194.850571,948.746673,140
0,22,0,749,2069.132937,6616.979895,1048
0,52,0,149,7716.843929,2598.962367,430
0,56,0,716,9314.847895,2557.750743,437
0,22,0,499,2622.593076,7910.857081,1250
0,22,0,512,2755.220381,8279.159351,1331
0,28,0,658,3689.409648,7361.768920,1174
0,36,0,647,8185.434575,8148.412419,1312
0,44,0,422,7054.377443,3346.130410,548
0,14,0,268,9303.615320,1639.613455,277
0,23,0,318,1215.827888,4642.626906,724
0,32,0,778,5833.385830,8435.483292,1343
0,40,0,536,5098.223558,2549.454551,420
0,26,0,144,3242.019095,4314.583319,692
0,40,0,537,5098.223558,2549.454551,420
0,68,0,248,8437.374253,4983.606809,793
0,70,0,519,8842.170618,7079.269602,1155
0,28,0,659,3689.409648,7361.768920,1174
0,54,0,163,9017.539433,3746.655406,596
0,29,0,487,5463.954311,6077.531186,981
0,29,0,758,4536.118613,6498.871276,1018
0,38,0,244,3902.733863,3678.511203,575
0,34,0,97,9507.777857,9065.432083,1478
0,46,0,263,5938.680471,2409.256281,383
0,66,0,334,4871.884751,3855.272343,619
0,27,0,290,2874.550418,2558.344447,411
0,39,0,466,6065.613092,1692.870750,264
0,56,0,717,9314.847895,2557.750743,437
0,29,0,424,4584.382154,5835.551641,938
0,21,0,107,207.081110,6279.955198,1000
0,36,0,191,7312.391328,7577.025748,1229
0,44,0,628,6823.138275,2703.665304,427
0,53,0,463,7311.839855,3556.102949,589
0,53,0,379,7682.921362,3692.444331,590
0,53,0,594,7669.466056,3237.585852,510
0,63,0,146,5229.266618,1782.405177,300
0,49,0,381,4699.591824,537.373131,98
0,56,0,669,9731.452075,2430.671093,398
0,48,0,471,3860.602939,2728.897032,415
0,35,0,132,9206.237596,9856.911809,1596
0,46,0,218,6254.290960,2018.100601,345
0,63,0,256,4417.187876,1430.092339,217
0,42,0,377,8258.523021,5908.276934,953
0,50,0,124,9849.828134,925.069564,159
0,67,0,237,9136.211246,5297.134089,876
0,56,0,197,9078.043418,1907.877453,316
0,13,0,501,634.804829,3776.365266,602
0,27,0,291,2874.550418,2558.344447,411
0,25,0,609,1616.188696,4127.781067,646
0,43,0,623,9459.771007,5189.486096,837
0,65,0,361,6541.183952,4859.360918,786
0,37,0,452,1337.959814,2245.175692,325
0,50,0,206,9929.288675,1004.696988,199
0,61,0,80,8419.141600,1926.630961,313
0,34,0,408,8740.673835,8420.079359,1354
0,25,0,316,1171.694364,3108.732546,484
0,26,0,515,2642.199128,3343.833486,530
0,38,0,673,4442.698549,3128.609921,497
0,23,0,103,1229.554089,4398.194260,684
0,54,0,685,8477.630687,3563.699834,593
0,23,0,220,472.071622,4877.408297,761
0,34,0,309,8489.004477,8178.622276,1313
0,26,0,445,3051.581634,3366.625606,532
0,23,0,478,53.950745,5097.797083,800
0,38,0,388,3801.941749,3364.157938,535
0,37,0,637,1387.050310,2529.863261,405
0,45,0,348,6032.384061,3597.059812,584
0,25,0,621,2147.669393,4222.158415,648
0,63,0,589,4360.995295,1734.122725,257
0,32,0,188,7295.853526,8882.546361,1429
0,11,0,404,8776.556008,2994.629394,475
0,42,0,504,8656.243847,5710.015983,914
0,25,0,359,1599.165746,3602.046542,566
0,37,0,564,2019.130033,2404.880176,368
0,44,0,627,6823.138275,2703.665304,427
0,61,0,366,8694.108146,2486.618959,394
0,19,0,640,1000.853918,7562.861486,1204
0,17,0,203,4484.496319,9319.556682,1497
0,67,0,455,9245.531690,5888.385095,956
0,19,0,201,741.931440,8371.857592,1322
0,15,0,100,6747.720775,2245.533419,346
0,37,0,638,1387.050310,2529.863261,405
0,23,0,319,1215.827888,4642.626906,724
0,25,0,299,2286.610841,2943.951816,449
0,69,0,181,5067.315847,5397.313679,860
0,23,0,346,942.950338,4679.033309,723
0,21,0,75,914.296405,6605.963567,1043
0,25,0,631,1384.937491,3645.300443,565
0,32,0,606,7201.143931,8064.266666,1308
0,19,0,481,174.390061,8015.457227,1280
0,19,0,448,1232.807283,7446.740395,1164
0,21,0,106,207.081110,6279.955198,1000
0,19,0,438,198.222148,8111.081094,1280
0,23,0,477,53.950745,5097.797083,800
0,25,0,91,1765.193800,3568.602354,567
0,15,0,101,6747.720775,2245.533419,346
0,15,0,136,6522.622984,1914.131542,306
0,15,0,140,6728.953656,2221.938972,346
0,60,0,208,5722.179679,4686.542616,742
0,23,0,104,1229.554089,4398.194260,684
0,17,0,525,4785.738707,9071.514311,1459
0,17,0,542,4786.145536,9819.874047,1579
0,11,0,230,8633.959721,2800.857976,474
0,61,0,81,8419.141600,1926.630961,313
10,22,2,512,2661.522798,8358.689051,1330
10,40,2,537,4979.468030,2649.765509,419
10,26,2,445,2947.733247,3456.657929,531
10,53,1,379,7560.753952,3800.756611,630
10,67,0,623,9371.042653,5284.078621,877
10,34,1,97,9482.938819,9084.837056,1477
10,36,2,190,7200.633256,7671.742215,1228
10,44,2,627,6802.706081,2720.846374,427
10,31,2,134,6809.276111,6811.827963,1107
10,54,1,685,8378.145732,3703.108754,593
10,56,2,197,9060.892757,1928.045288,316
10,43,2,698,9659.323307,5107.582225,838
10,31,0,775,6817.676779,5963.184230,947
10,23,2,719,1328.347221,5011.592055,805
10,31,2,343,7027.431915,6109.482705,988
10,66,2,334,4871.884751,3855.272343,619
10,38,1,244,3793.648617,3805.877810,615
10,38,2,560,3890.058433,3266.797822,535
10,61,2,366,8669.083952,2509.088639,434
10,22,2,723,2366.712940,6838.177703,1089
10,22,2,280,1832.778181,8718.126629,1367
10,63,2,256,4397.228779,1449.900252,217
10,22,2,499,2604.379777,7927.451572,1250
10,23,2,220,472.071622,4877.408297,761
10,25,2,158,1737.164322,4089.871843,646
10,46,0,100,6631.944958,2345.350355,386
10,56,2,717,9294.089357,2578.278734,437
10,28,2,743,3857.185404,6856.350018,1095
10,63,2,146,5229.266618,1782.405177,300
10,49,2,494,5068.507346,1037.470764,180
10,22,2,214,2971.361906,8235.981239,1291
10,37,2,453,1210.679693,2361.409094,364
10,28,2,781,4288.701527,6923.685812,1097
10,26,2,734,3297.085277,3318.549129,533
10,36,2,251,7484.235120,7655.976356,1229
10,32,2,606,7115.535966,8186.551440,1308
10,60,2,208,5624.436389,4790.742638,782
10,61,2,81,8400.427982,1946.036829,313
10,24,2,746,3311.055923,5621.694007,893
10,38,1,388,3718.434908,3484.347510,534
10,65,1,361,6402.540755,4965.499677,785
10,24,2,592,2516.453515,6399.854323,1010
10,24,2,635,2851.123711,5941.105783,931
10,24,2,350,2465.678789,4822.426566,769
10,20,2,271,4478.584967,7829.927784,1257
10,24,2,211,1643.927980,5647.472332,886
10,28,2,474,3419.659977,5844.159335,933
10,23,2,318,1130.991623,4779.186445,764
10,22,2,750,1929.550287,6718.527317,1047
10,67,2,237,9120.537988,5319.614836,876
10,24,2,151,2295.482402,4517.342055,729
10,37,1,637,1363.175141,2550.448585,405
10,25,2,631,1367.457851,3667.491832,565
10,25,2,299,2269.478734,2964.505737,449
10,10,0,379,7560.753952,3800.756611,630
10,47,1,562,8213.669120,4622.828795,752
10,27,0,471,3760.113741,2864.472364,455
10,23,2,625,453.214561,4357.926985,681
10,20,2,242,4346.554426,7785.888217,1257
10,20,2,286,3533.526185,8318.668513,1334
10,22,2,749,1929.550287,6718.527317,1047
10,26,1,515,2502.081711,3451.914663,530
10,27,2,291,2855.583148,2580.997545,411
10,27,2,95,2298.106253,2627.766026,409
10,60,1,509,6090.587120,4794.252684,784
10,43,2,662,9813.229134,5492.884314,879
10,25,2,316,1146.900456,3130.187550,484
10,23,2,104,1205.972786,4425.455692,684
10,14,2,268,9285.573015,1657.827481,277
10,18,2,690,2789.391745,9510.418386,1531
10,32,2,188,7277.483028,8902.383716,1429
10,18,2,185,2485.368181,9910.834022,1569
10,18,2,327,2868.966319,9423.485127,1491
10,18,2,521,3944.746343,9192.096547,1455
10,18,2,278,3912.005057,9670.609882,1535
10,12,2,586,379.578384,2103.637472,321
10,59,0,441,8217.921977,5979.667128,952
10,12,2,373,391.887589,1368.446940,201
10,20,2,312,5044.105113,7870.986002,1260
10,37,1,638,1363.175141,2550.448585,405
10,58,0,519,8717.759136,7215.918860,1154
10,50,2,206,9910.165662,1024.949371,199
10,20,0,659,3585.651353,7486.663311,1174
10,69,2,181,5067.315847,5397.313679,860
10,47,2,649,8765.009535,5263.917833,875
10,35,0,97,9482.938819,9084.837056,1477
10,20,2,556,4961.183894,8131.856903,1299
10,22,2,281,1832.778181,8718.126629,1367
10,22,2,394,1722.493675,7411.824019,1166
10,20,2,354,4668.373776,8893.740298,1418
10,20,0,658,3585.651353,7486.663311,1174
10,66,2,574,5128.431397,4684.813272,740
10,30,0,509,6090.587120,4794.252684,784
10,43,1,623,9371.042653,5284.078621,877
10,22,2,768,2430.805211,7142.487389,1129
10,52,2,149,7592.465885,2707.255862,430
10,22,2,368,2895.400331,7014.072574,1131
10,44,2,422,6940.560692,3453.260450,547
10,20,2,490,4690.489384,7929.846449,1258
10,53,2,463,7311.839855,3556.102949,589
10,22,2,540,2245.520473,7179.899298,1128
10,36,2,647,8163.406794,8166.198982,1312
10,43,2,697,9659.323307,5107.582225,838
10,20,2,400,4520.755565,7517.953929,1218
10,43,2,726,9830.581735,5490.171587,879
10,12,2,273,254.340825,1579.893431,241
10,49,2,431,5170.227252,972.563251,140
10,46,0,140,6634.543820,2336.561539,386
10,42,2,505,8546.916687,5794.345054,954
10,43,2,497,9929.077503,5678.530118,919
10,23,2,103,1205.972786,4425.455692,684
10,25,0,515,2502.081711,3451.914663,530
10,67,2,455,9221.233852,5908.713428,956
10,42,1,441,8217.921977,5979.667128,952
10,42,1,377,8151.126415,6027.554804,992
10,33,2,554,931.258847,798.682131,123
10,56,2,669,9615.869617,2537.869534,438
10,34,2,492,9184.336730,8912.842925,1436
10,40,2,536,4979.468030,2649.765509,419
10,23,2,319,1130.991623,4779.186445,764
10,70,1,519,8717.759136,7215.918860,1154
10,32,2,392,7358.596932,8774.276791,1429
10,30,2,527,6013.052384,5096.269145,824
10,66,2,575,5128.431397,4684.813272,740
10,45,2,348,5899.585531,3703.024512,583
10,34,2,309,8469.548709,8201.515577,1313
10,38,2,673,4302.682249,3230.637002,497
10,63,2,589,4338.577951,1758.443833,297
10,17,2,542,4766.132810,9844.408058,1579
10,25,2,621,2121.532618,4238.105690,648
10,26,2,144,3129.291927,4399.805877,692
10,19,2,448,1078.105519,7559.941810,1204
10,26,2,225,2655.860284,4288.986403,690
10,66,2,618,4488.288291,3916.196606,617
10,46,2,217,6233.144731,2042.825744,344
10,25,0,637,1363.175141,2550.448585,405
10,27,2,129,2285.842359,2636.855454,409
10,46,2,77,5887.271827,2270.792798,383
10,37,2,452,1210.679693,2361.409094,364
10,46,0,101,6631.944958,2345.350355,386
10,25,2,687,1051.313679,3293.384730,524
10,25,0,638,1363.175141,2550.448585,405
10,25,2,91,1668.200102,3675.641227,566
10,44,2,628,6802.706081,2720.846374,427
10,46,2,263,5818.677960,2545.118088,423
10,25,2,609,1511.635444,4242.540811,646
10,22,2,297,1749.170136,7480.658459,1166
10,58,2,332,7925.704433,7062.987857,1151
10,68,2,248,8342.659388,5091.105635,833
10,35,2,132,9101.443902,9970.049670,1596
10,28,2,567,3140.932688,7075.974266,1132
10,23,2,346,852.802185,4756.885382,763
10,53,2,507,7505.560744,3632.762994,590
10,29,2,487,5333.835195,6185.345637,981
10,37,2,564,1915.170687,2523.389107,407
10,63,2,147,5229.266618,1782.405177,300
10,34,2,408,8715.978856,8442.899762,1354
10,39,2,466,6065.613092,1692.870750,264
10,28,2,676,3855.825975,6462.359127,1015
10,28,2,179,3369.148705,7047.162407,1133
10,21,2,107,96.602031,6413.539520,1000
10,23,2,478,53.950745,5097.797083,800
10,64,0,562,8213.669120,4622.828795,752
10,50,2,124,9830.225982,945.355010,159
10,46,2,218,6233.144731,2042.825744,344
10,36,2,191,7200.633256,7671.742215,1228
10,26,0,244,3793.648617,3805.877810,615
10,32,2,778,5754.193116,8554.515081,1383
10,23,2,477,53.950745,5097.797083,800
10,32,2,777,5754.193116,8554.515081,1383
10,21,2,106,96.602031,6413.539520,1000
10,59,0,377,8151.126415,6027.554804,992
10,28,1,659,3585.651353,7486.663311,1174
10,35,2,584,9213.408821,9742.873095,1556
10,29,2,424,4460.856541,5950.101621,937
10,61,2,80,8400.427982,1946.036829,313
10,33,2,553,931.258847,798.682131,123
10,48,1,471,3760.113741,2864.472364,455
10,54,2,163,9017.539433,3746.655406,596
10,30,0,361,6402.540755,4965.499677,785
10,53,2,594,7649.303024,3265.852093,550
10,28,1,658,3585.651353,7486.663311,1174
10,43,2,661,9813.229134,5492.884314,879
10,45,2,714,5404.057543,3374.141460,541
10,67,2,86,9185.625773,5291.645997,876
10,24,2,644,2300.683427,5539.887762,889
10,22,2,712,1748.373527,8078.076774,1286
10,9,0,685,8378.145732,3703.108754,593
10,56,2,716,9294.089357,2578.278734,437
10,21,2,75,792.160624,6736.326064,1043
10,27,2,290,2855.583148,2580.997545,411
10,26,0,388,3718.434908,3484.347510,534
10,17,2,203,4465.544669,9343.666445,1497
10,17,2,525,4762.187204,9096.809207,1459
10,42,2,504,8546.916687,5794.345054,954
10,17,2,736,6259.087010,9719.979960,1545
10,25,2,359,1487.814188,3695.910664,565
10,29,2,758,4517.757200,6517.337715,1058
10,19,2,481,90.659042,8105.004207,1280
10,11,2,404,8661.669046,3132.063307,514
10,13,2,501,611.273324,3798.722395,602
10,15,2,136,6496.273419,1931.954803,305
10,15,1,140,6634.543820,2336.561539,386
10,19,2,438,176.255360,8129.280134,1280
10,19,2,201,621.115463,8486.404598,1322
10,49,2,381,4569.832946,651.835529,98
10,15,1,100,6631.944958,2345.350355,386
10,19,2,640,980.657746,7587.169462,1203
10,16,2,89,9323.501019,1589.285791,277
10,11,2,230,8553.234600,2926.979051,474
10,15,1,101,6631.944958,2345.350355,386
20,22,2,368,2872.255447,7031.240920,1131
20,66,1,575,4996.478511,4787.488308,779
20,34,2,408,8696.470989,8470.286910,1354
20,32,2,188,7260.443297,8923.375223,1429
20,28,2,781,4161.350398,7031.446413,1136
20,25,2,299,2250.596251,2983.464233,449
20,44,2,422,6846.372707,3577.999065,587
20,26,2,388,3620.945554,3593.502224,574
20,66,2,618,4470.897486,3936.884298,617
20,43,2,497,9929.077503,5678.530118,919
20,23,2,477,48.648083,4921.870636,760
20,23,2,104,1180.916858,4451.368313,684
20,25,2,359,1387.591555,3801.575544,605
20,46,2,217,6208.813043,2064.423537,344
20,33,2,554,931.258847,798.682131,123
20,63,2,146,5229.266618,1782.405177,300
20,20,2,286,3510.223634,8343.538749,1334
20,25,2,158,1716.644352,4109.978010,646
20,32,2,392,7230.222100,8879.695045,1428
20,63,2,147,5229.266618,1782.405177,300
20,58,2,519,8561.668720,7314.848221,1194
20,27,1,95,2169.813872,2728.755911,408
20,36,2,190,7077.996233,7751.874832,1268
20,56,2,197,9042.842406,1947.412053,316
20,24,2,635,2830.769602,5958.845373,931
20,22,2,749,1814.148589,6846.892588,1087
20,26,2,445,2947.733247,3456.657929,531
20,20,2,658,3471.722909,7602.355585,1213
20,20,2,312,5044.105113,7870.986002,1260
20,23,2,318,1005.738279,4879.969873,764
20,22,2,712,1670.583755,8182.498082,1286
20,34,2,492,9184.336730,8912.842925,1436
20,22,2,394,1722.493675,7411.824019,1166
20,22,2,512,2581.737699,8452.169252,1330
20,30,2,527,5901.065299,5240.491925,823
20,23,2,220,472.071622,4877.408297,761
20,28,2,676,3753.399768,6593.956061,1055
20,22,2,750,1814.148589,6846.892588,1087
20,23,2,103,1180.916858,4451.368313,684
20,49,2,431,5145.873175,996.655078,140
20,40,2,537,4870.517167,2760.647758,459
20,56,1,669,9487.498928,2629.366947,437
20,22,2,280,1729.699525,8847.517525,1406
20,28,1,567,3007.739841,7164.490966,1132
20,67,2,237,9099.510582,5337.189910,876
20,22,2,768,2298.109871,7267.758334,1169
20,29,1,758,4497.288445,6533.436812,1057
20,18,2,521,3842.383831,9286.212795,1495
20,18,2,690,2673.236376,9618.929783,1530
20,20,2,400,4391.564624,7598.836118,1217
20,67,2,86,9089.240425,5400.649636,876
20,38,2,673,4167.430041,3338.900244,536
20,53,2,594,7624.782681,3290.434222,550
20,26,2,734,3170.007274,3447.581081,532
20,23,2,478,48.648083,4921.870636,760
20,14,2,268,9266.308691,1674.743785,277
20,35,2,97,9462.420435,9108.764586,1477
20,27,1,129,2261.432222,2651.854112,409
20,23,2,719,1209.653087,5144.314337,804
20,28,2,474,3326.540255,5978.545408,933
20,20,2,242,4259.552477,7894.574353,1257
20,18,2,327,2868.966319,9423.485127,1491
20,23,2,346,762.004018,4833.978363,763
20,38,2,560,3776.871016,3346.432193,535
20,30,2,509,6090.587120,4794.252684,784
20,25,2,316,1123.261918,3152.909227,484
20,10,2,379,7463.315640,3931.761197,629
20,12,0,452,1103.640950,2496.513277,364
20,44,2,627,6802.706081,2720.846374,427
20,44,2,628,6802.706081,2720.846374,427
20,12,2,273,233.419517,1601.476196,240
20,12,0,453,1103.640950,2496.513277,364
20,12,2,586,275.322131,2217.756344,321
20,53,2,507,7505.560744,3632.762994,590
20,28,2,743,3836.489457,6875.260622,1095
20,12,2,373,391.887589,1368.446940,201
20,29,2,487,5221.645944,6311.712214,1020
20,23,2,625,354.607540,4454.301328,681
20,20,2,354,4654.107707,8914.978532,1418
20,22,0,567,3007.739841,7164.490966,1132
20,31,2,134,6785.794124,6828.300500,1107
20,46,2,77,5864.653035,2293.561090,383
20,24,2,592,2421.891887,6521.826513,1049
20,34,2,309,8446.828020,8221.172648,1313
20,69,0,575,4996.478511,4787.488308,779
20,24,2,211,1643.927980,5647.472332,886
20,27,2,471,3623.115747,2963.013216,454
20,20,2,490,4690.489384,7929.846449,1258
20,61,2,366,8642.430469,2529.599334,434
20,46,2,218,6208.813043,2064.423537,344
20,67,2,455,9198.892178,5931.173965,956
20,25,2,637,1342.790291,2574.495148,405
20,42,2,504,8445.246395,5887.763318,953
20,18,2,185,2485.368181,9910.834022,1569
20,22,2,723,2343.218139,6862.274926,1089
20,18,2,278,3812.045218,9777.468471,1575
20,36,2,191,7077.996233,7751.874832,1268
20,61,2,81,8384.112176,1967.497995,313
20,26,2,144,3129.291927,4399.805877,692
20,24,2,151,2169.682377,4615.561251,728
20,56,2,716,9272.654924,2598.099946,437
20,16,2,89,9323.501019,1589.285791,277
20,46,1,263,5688.847825,2671.621722,422
20,32,1,778,5662.227917,8663.979481,1382
20,29,2,424,4358.196507,6083.672547,977
20,28,2,179,3260.839235,7147.760434,1133
20,50,2,124,9808.687138,963.570989,159
20,45,2,348,5786.807550,3830.087859,623
20,60,2,208,5624.436389,4790.742638,782
20,24,2,746,3288.098226,5642.318539,893
20,25,2,609,1400.641444,4351.083492,685
20,23,2,319,1005.738279,4879.969873,764
20,24,2,644,2300.683427,5539.887762,889
20,61,2,80,8384.112176,1967.497995,313
20,19,2,201,492.256112,8591.821792,1361
20,19,2,438,157.779070,8151.014244,1280
20,42,2,505,8445.246395,5887.763318,953
20,63,2,256,4380.885531,1472.782935,217
20,27,2,291,2836.034277,2603.150690,411
20,63,2,589,4313.757530,1780.307052,297
20,21,2,106,96.602031,6413.539520,1000
20,25,0,95,2169.813872,2728.755911,408
20,25,2,638,1342.790291,2574.495148,405
20,43,2,662,9813.229134,5492.884314,879
20,59,2,441,8217.921977,5979.667128,952
20,46,2,101,6542.678719,2469.443058,386
20,56,2,717,9272.654924,2598.099946,437
20,25,2,91,1584.475360,3793.349616,606
20,25,0,129,2261.432222,2651.854112,409
20,17,0,778,5662.227917,8663.979481,1382
20,26,1,225,2537.856734,4418.146456,690
20,36,2,251,7461.121634,7675.012084,1229
20,40,2,536,4870.517167,2760.647758,459
20,43,2,698,9639.812639,5134.170850,838
20,37,1,452,1103.640950,2496.513277,364
20,24,2,350,2321.081675,4932.635218,769
20,52,2,149,7459.722169,2805.115377,469
20,69,0,574,4996.478511,4787.488308,779
20,27,2,290,2836.034277,2603.150690,411
20,66,1,574,4996.478511,4787.488308,779
20,46,2,100,6542.678719,2469.443058,386
20,40,0,263,5688.847825,2671.621722,422
20,20,2,556,4943.849605,8151.548581,1299
20,30,2,361,6279.134657,5089.024198,825
20,31,2,775,6715.269432,6080.937290,986
20,22,2,540,2134.011852,7266.229075,1168
20,22,2,214,2954.189725,8253.683760,1331
20,22,2,281,1729.699525,8847.517525,1406
20,49,2,494,5068.507346,1037.470764,180
20,22,2,499,2586.481510,7944.385367,1250
20,21,1,75,655.486461,6851.355203,1082
20,24,0,225,2537.856734,4418.146456,690
20,67,2,623,9276.673553,5373.044568,877
20,22,2,297,1668.751618,7595.977415,1206
20,28,0,758,4497.288445,6533.436812,1057
20,53,2,463,7311.839855,3556.102949,589
20,33,2,553,931.258847,798.682131,123
20,37,1,564,1793.287014,2623.370519,407
20,49,2,381,4451.502073,778.076612,137
20,26,2,244,3662.717758,3910.658310,614
20,66,2,334,4871.884751,3855.272343,619
20,42,0,649,8740.214038,5291.067846,874
20,36,2,647,8163.406794,8166.198982,1312
20,19,2,448,1078.105519,7559.941810,1204
20,20,2,271,4449.065383,7852.159228,1257
20,39,2,466,6065.613092,1692.870750,264
20,32,2,606,7007.506761,8289.565907,1348
20,25,2,515,2363.072310,3561.417257,569
20,43,1,726,9736.916578,5617.488616,918
20,31,2,343,7005.667404,6135.870163,988
20,69,2,181,5067.315847,5397.313679,860
20,51,0,669,9487.498928,2629.366947,437
20,20,2,659,3471.722909,7602.355585,1213
20,25,2,687,906.826191,3436.848342,523
20,25,0,564,1793.287014,2623.370519,407
20,25,2,631,1346.639692,3686.586329,565
20,54,2,163,9017.539433,3746.655406,596
20,37,1,453,1103.640950,2496.513277,364
20,47,1,649,8740.214038,5291.067846,874
20,35,2,584,9109.173047,9842.852056,1596
20,68,2,248,8342.659388,5091.105635,833
20,50,2,206,9890.191149,1044.362447,199
20,9,2,685,8264.303724,3831.062263,633
20,19,0,75,655.486461,6851.355203,1082
20,19,2,640,960.883990,7611.822283,1203
20,21,2,107,96.602031,6413.539520,1000
20,58,2,332,7809.921107,7181.032195,1151
20,25,2,621,2101.625795,4261.368644,688
20,32,1,777,5662.227917,8663.979481,1382
20,43,2,661,9813.229134,5492.884314,879
20,67,0,726,9736.916578,5617.488616,918
20,46,2,140,6535.173980,2446.911823,386
20,59,2,377,8049.537296,6151.816190,992
20,43,2,697,9639.812639,5134.170850,838
20,64,2,562,8191.005078,4644.369911,752
20,13,2,501,588.780740,3822.124459,602
20,19,2,481,5.473000,8193.168163,1280
20,17,2,525,4735.724163,9119.040098,1458
20,17,0,777,5662.227917,8663.979481,1382
20,17,2,736,6235.142092,9748.054110,1544
20,15,2,136,6474.262163,1954.921579,305
20,17,2,542,4741.314712,9864.067380,1578
20,11,2,404,8523.126583,3245.611009,514
20,11,2,230,8450.586870,3036.004343,513
20,35,2,132,9101.443902,9970.049670,1596
20,45,2,714,5308.847523,3496.870008,541
20,17,2,203,4440.375943,9361.187316,1497
30,25,2,621,2081.163392,4284.144434,688
30,25,2,359,1285.335045,3905.273418,605
30,33,2,553,931.258847,798.682131,123
30,46,2,217,6184.726758,2086.294673,344
30,67,2,623,9194.855456,5473.673917,876
30,44,1,422,6749.849801,3700.939812,586
30,28,2,781,4035.952111,7141.473351,1136
30,25,2,299,2228.735147,2998.893584,448
30,33,2,554,931.258847,798.682131,123
30,20,2,659,3347.347389,7706.735291,1213
30,24,2,225,2408.828711,4536.294355,729
30,42,2,504,8445.246395,5887.763318,953
30,20,0,172,4815.171900,7498.539778,1179
30,24,2,211,1643.927980,5647.472332,886
30,46,2,77,5839.447607,2313.427928,383
30,40,2,537,4742.867896,2849.365442,458
30,69,2,574,4879.422481,4906.868426,779
30,25,2,638,1319.935645,2596.207918,405
30,69,2,181,5067.315847,5397.313679,860
30,31,2,775,6589.332130,6173.093918,986
30,51,0,717,9251.574965,2618.297734,437
30,20,2,556,4923.265370,8167.812929,1299
30,65,0,379,7366.866303,4063.495594,669
30,34,2,309,8424.499476,8241.274046,1313
30,46,2,101,6433.937298,2576.880313,425
30,25,2,95,2078.365514,2864.015252,448
30,25,2,316,1097.881951,3173.667656,484
30,66,2,618,4450.518439,3954.635782,617
30,32,0,190,6982.349721,7862.837981,1267
30,50,2,206,9871.144950,1064.687085,199
30,53,2,507,7505.560744,3632.762994,590
30,20,2,400,4273.563383,7695.313758,1217
30,52,2,149,7332.863749,2910.492416,469
30,46,2,218,6184.726758,2086.294673,344
30,51,2,669,9378.299142,2743.060469,437
30,34,2,408,8671.770380,8493.101218,1354
30,51,0,716,9251.574965,2618.297734,437
30,23,2,318,891.919608,4993.508455,763
30,49,2,431,5119.760579,1018.828701,180
30,38,2,673,4035.730546,3451.458372,536
30,29,1,424,4229.507678,6192.389889,976
30,63,2,147,5229.266618,1782.405177,300
30,43,2,661,9813.229134,5492.884314,879
30,26,2,388,3505.890404,3683.952420,574
30,30,2,509,6090.587120,4794.252684,784
30,56,1,717,9251.574965,2618.297734,437
30,69,2,575,4879.422481,4906.868426,779
30,24,2,746,3265.330245,5663.152315,893
30,20,2,658,3347.347389,7706.735291,1213
30,25,2,158,1695.251803,4129.153148,646
30,20,2,490,4690.489384,7929.846449,1258
30,63,2,256,4359.430404,1490.959747,217
30,10,1,379,7366.866303,4063.495594,669
30,18,2,278,3714.122652,9886.197025,1574
30,67,2,86,8983.607294,5500.717463,915
30,14,2,268,9246.646026,1691.195385,276
30,23,2,346,678.087457,4918.510283,762
30,49,2,381,4334.437706,905.493020,137
30,35,1,584,9014.569468,9951.989823,1596
30,28,2,758,4480.380872,6553.242994,1057
30,25,2,564,1690.502344,2742.899695,406
30,67,2,237,9099.510582,5337.189910,876
30,16,2,89,9323.501019,1589.285791,277
30,32,2,606,7007.506761,8289.565907,1348
30,35,2,97,9435.313645,9124.850378,1477
30,22,0,179,3155.190393,7251.149150,1172
30,56,2,197,9022.544772,1964.408900,316
30,42,2,649,8719.330609,5321.330403,874
30,12,2,586,177.628743,2337.541505,360
30,12,2,453,1103.640950,2496.513277,364
30,12,2,452,1103.640950,2496.513277,364
30,12,2,273,212.637747,1623.193354,240
30,22,1,281,1625.567126,8976.061901,1406
30,18,2,690,2558.276966,9728.707408,1530
30,27,2,471,3504.220043,3082.773648,494
30,12,2,373,391.887589,1368.446940,201
30,18,2,327,2868.966319,9423.485127,1491
30,25,1,687,774.867228,3591.913730,563
30,20,2,312,5044.105113,7870.986002,1260
30,40,2,263,5563.745203,2802.802388,462
30,42,2,505,8445.246395,5887.763318,953
30,34,2,492,9184.336730,8912.842925,1436
30,53,2,463,7311.839855,3556.102949,589
30,39,2,466,6065.613092,1692.870750,264
30,27,2,291,2813.588621,2622.362997,411
30,36,2,251,7437.844028,7693.846766,1229
30,36,1,190,6982.349721,7862.837981,1267
30,44,2,628,6802.706081,2720.846374,427
30,58,2,332,7678.779460,7281.740253,1190
30,18,2,521,3753.631167,9393.259124,1495
30,25,1,609,1293.971069,4463.878051,685
30,18,2,185,2485.368181,9910.834022,1569
30,20,2,354,4633.983189,8930.776858,1418
30,24,1,592,2306.057158,6623.813925,1049
30,22,2,768,2173.628034,7401.194217,1168
30,56,1,716,9251.574965,2618.297734,437
30,22,2,749,1711.572541,6985.721076,1086
30,38,1,560,3688.745593,3453.141773,534
30,22,2,712,1585.957985,8281.460385,1326
30,43,2,697,9617.149426,5158.129145,838
30,31,2,343,6985.973038,6163.836640,987
30,26,2,244,3544.638996,4029.734962,654
30,23,2,103,1163.549699,4482.953836,684
30,27,2,290,2813.588621,2622.362997,411
30,54,2,163,9017.539433,3746.655406,596
30,24,2,635,2813.948898,5979.965191,931
30,25,2,515,2245.658177,3693.811943,568
30,68,2,248,8342.659388,5091.105635,833
30,17,2,203,4425.044000,9387.746255,1497
30,22,2,567,3007.739841,7164.490966,1132
30,22,2,723,2319.789272,6886.436258,1089
30,23,2,319,891.919608,4993.508455,763
30,24,2,644,2300.683427,5539.887762,889
30,43,2,698,9617.149426,5158.129145,838
30,45,2,714,5220.678100,3624.750411,580
30,58,2,519,8424.990023,7439.227360,1193
30,59,2,377,7924.956584,6253.013459,1031
30,45,2,348,5671.740323,3955.081862,622
30,44,2,627,6802.706081,2720.846374,427
30,24,2,350,2204.644992,5072.266058,808
30,19,2,75,526.987754,6975.450375,1082
30,64,2,562,8167.919212,4665.458324,752
30,20,2,271,4424.023162,7879.335139,1257
30,28,1,179,3155.190393,7251.149150,1172
30,35,2,132,9101.443902,9970.049670,1596
30,31,2,134,6769.604448,6851.978393,1107
30,22,2,540,2030.105485,7361.573031,1168
30,20,2,242,4164.694488,7996.476155,1256
30,23,0,609,1293.971069,4463.878051,685
30,30,2,361,6151.076994,5207.719637,824
30,63,2,589,4286.642615,1799.249993,297
30,22,2,750,1711.572541,6985.721076,1086
30,61,2,80,8364.300913,1985.781898,313
30,26,2,445,2947.733247,3456.657929,531
30,36,2,647,8163.406794,8166.198982,1312
30,22,1,280,1625.567126,8976.061901,1406
30,67,2,455,9173.374746,5949.948596,956
30,53,2,594,7597.591355,3312.024962,550
30,22,2,368,2851.367719,7051.093895,1131
30,32,2,392,7123.736533,9007.185945,1468
30,66,2,334,4871.884751,3855.272343,619
30,25,2,91,1498.806405,3909.650638,605
30,19,2,481,5.473000,8193.168163,1280
30,40,2,536,4742.867896,2849.365442,458
30,46,2,100,6433.937298,2576.880313,425
30,21,2,107,96.602031,6413.539520,1000
30,22,2,512,2484.590684,8527.446525,1369
30,32,0,191,6982.349721,7862.837981,1267
30,29,2,487,5112.707469,6440.891735,1020
30,23,2,625,354.607540,4454.301328,681
30,36,1,191,6982.349721,7862.837981,1267
30,20,2,286,3483.911306,8365.199747,1333
30,25,2,637,1319.935645,2596.207918,405
30,26,2,144,3129.291927,4399.805877,692
30,23,2,220,472.071622,4877.408297,761
30,25,2,129,2241.930665,2672.842294,408
30,59,2,441,8217.921977,5979.667128,952
30,22,0,592,2306.057158,6623.813925,1049
30,22,2,394,1722.493675,7411.824019,1166
30,28,2,743,3815.891022,6894.277395,1095
30,26,0,560,3688.745593,3453.141773,534
30,28,0,424,4229.507678,6192.389889,976
30,32,2,188,7260.443297,8923.375223,1429
30,23,2,719,1209.653087,5144.314337,804
30,17,2,777,5565.242747,8769.021993,1422
30,67,2,726,9629.759583,5733.678830,918
30,23,2,104,1163.549699,4482.953836,684
30,23,2,478,81.081890,5094.862778,800
30,28,2,676,3636.518354,6712.899813,1054
30,43,2,662,9813.229134,5492.884314,879
30,22,2,214,2936.454577,8270.822243,1331
30,19,2,448,1078.105519,7559.941810,1204
30,19,2,438,141.650120,8174.542988,1280
30,25,2,631,1325.159983,3704.933473,565
30,26,2,734,3046.685601,3580.207732,572
30,49,2,494,5068.507346,1037.470764,180
30,17,2,736,6205.948893,9770.621212,1584
30,17,2,778,5565.242747,8769.021993,1422
30,63,2,146,5229.266618,1782.405177,300
30,9,2,685,8146.941192,3955.794534,632
30,24,2,151,2072.252974,4741.973941,728
30,60,2,208,5624.436389,4790.742638,782
30,61,2,366,8642.430469,2529.599334,434
30,43,2,497,9929.077503,5678.530118,919
30,46,2,140,6425.508993,2547.037447,425
30,19,1,201,412.221138,8737.807819,1361
30,15,2,136,6455.826049,1980.846045,305
30,17,2,542,4716.854851,9884.170666,1578
30,23,2,477,81.081890,5094.862778,800
30,22,2,499,2565.636925,7957.523276,1250
30,19,2,640,939.196271,7634.809363,1203
30,21,2,106,96.602031,6413.539520,1000
30,50,2,124,9788.458309,983.231564,159
30,28,2,474,3218.259442,6101.045060,972
30,22,2,297,1668.751618,7595.977415,1206
30,13,2,501,568.909347,3847.789624,602
30,13,0,687,774.867228,3591.913730,563
30,17,2,525,4710.383216,9142.542046,1458
30,11,2,404,8392.820222,3368.522956,553
30,11,2,230,8348.601126,3145.649129,513
30,30,2,527,5778.712017,5376.031559,863
30,61,2,81,8364.300913,1985.781898,313
40,30,2,361,6023.637879,5327.078944,864
40,30,2,509,6090.587120,4794.252684,784
40,23,2,346,586.440250,4994.591979,762
40,23,2,319,757.322107,5081.424394,803
40,23,2,477,219.780213,4986.506845,760
40,69,2,574,4767.856784,5031.394819,819
40,45,1,714,5110.204991,3733.942611,580
40,26,0,471,3391.337110,3208.217632,493
40,44,2,627,6802.706081,2720.846374,427
40,38,0,536,4612.892732,2934.639240,458
40,66,0,714,5110.204991,3733.942611,580
40,67,2,237,9099.510582,5337.189910,876
40,25,2,621,2081.163392,4284.144434,688
40,28,2,781,3920.340910,7261.742665,1175
40,26,2,144,3129.291927,4399.805877,692
40,46,2,218,6158.047197,2104.914466,344
40,18,2,690,2466.525882,9858.509302,1569
40,34,2,408,8650.491057,8519.135872,1394
40,32,2,392,7002.149972,9120.366393,1468
40,67,2,623,9098.346310,5560.313697,916
40,69,2,575,4767.856784,5031.394819,819
40,26,2,388,3404.640651,3789.628402,613
40,53,2,507,7505.560744,3632.762994,590
40,25,2,316,1073.582193,3195.680761,484
40,61,2,80,8340.592439,1998.615270,313
40,66,0,348,5541.812189,4064.547141,662
40,27,2,291,2791.758296,2642.271716,411
40,23,2,625,354.607540,4454.301328,681
40,59,2,377,7808.030893,6362.966286,1031
40,24,2,350,2069.981698,5194.413795,808
40,64,2,562,8149.472451,4690.705016,752
40,18,2,278,3605.793378,9984.561122,1574
40,35,2,132,9101.443902,9970.049670,1596
40,42,2,505,8445.246395,5887.763318,953
40,42,2,649,8691.005500,5344.774551,874
40,50,2,206,9851.033321,1083.958075,199
40,27,1,471,3391.337110,3208.217632,493
40,24,2,151,1974.537849,4868.165901,767
40,66,2,334,4871.884751,3855.272343,619
40,44,0,149,7232.606599,3041.434705,508
40,42,2,504,8445.246395,5887.763318,953
40,31,2,775,6496.168824,6298.288352,1025
40,22,0,658,3247.334940,7834.648944,1252
40,53,2,463,7311.839855,3556.102949,589
40,63,2,147,5229.266618,1782.405177,300
40,43,2,661,9813.229134,5492.884314,879
40,22,0,659,3247.334940,7834.648944,1252
40,12,2,373,391.887589,1368.446940,201
40,26,2,560,3602.176708,3561.117941,574
40,46,2,101,6326.332590,2685.456034,425
40,61,2,81,8340.592439,1998.615270,313
40,28,2,474,3101.796616,6215.793957,972
40,26,2,244,3435.941572,4157.432704,653
40,25,2,95,1960.602044,2977.106617,447
40,16,2,89,9323.501019,1589.285791,277
40,67,2,726,9629.759583,5733.678830,918
40,32,2,188,7260.443297,8923.375223,1429
40,12,2,273,188.059251,1640.496950,240
40,12,2,452,1103.640950,2496.513277,364
40,29,2,487,5112.707469,6440.891735,1020
40,22,2,592,2184.485476,6718.889908,1048
40,63,2,256,4359.430404,1490.959747,217
40,67,2,86,8883.891550,5606.683017,915
40,63,2,146,5229.266618,1782.405177,300
40,23,2,318,757.322107,5081.424394,803
40,22,2,540,1949.416681,7477.229072,1167
40,35,2,97,9413.113162,9147.226019,1477
40,12,2,453,1103.640950,2496.513277,364
40,12,2,586,62.676276,2440.877914,360
40,22,2,214,2920.017228,8289.209104,1331
40,24,2,211,1643.927980,5647.472332,886
40,43,2,497,9929.077503,5678.530118,919
40,22,2,712,1488.878003,8368.239042,1325
40,8,0,685,8023.639432,4074.659075,672
40,56,2,197,9022.544772,1964.408900,316
40,36,0,332,7554.446001,7390.742251,1190
40,52,1,149,7232.606599,3041.434705,508
40,25,2,129,2241.930665,2672.842294,408
40,39,2,466,6065.613092,1692.870750,264
40,18,2,185,2485.368181,9910.834022,1569
40,24,2,225,2305.084090,4677.163836,729
40,22,1,749,1586.376439,7104.553441,1126
40,22,2,567,3007.739841,7164.490966,1132
40,22,2,723,2293.704647,6907.702996,1089
40,44,2,628,6802.706081,2720.846374,427
40,46,2,140,6308.272473,2638.181005,425
40,22,2,768,2039.383121,7524.803142,1208
40,22,2,179,3068.054765,7370.557218,1172
40,25,2,631,1302.457597,3721.744101,565
40,25,2,515,2119.193062,3817.589995,608
40,26,2,445,2947.733247,3456.657929,531
40,46,2,217,6158.047197,2104.914466,344
40,30,2,527,5630.201339,5482.266658,862
40,20,2,242,4061.072127,8089.451536,1296
40,14,2,268,9226.503592,1707.055962,276
40,22,2,499,2547.566641,7974.273386,1250
40,17,2,736,6184.297458,9800.499839,1584
40,49,2,381,4186.792831,995.714957,136
40,25,2,564,1590.154190,2864.481603,446
40,40,1,536,4612.892732,2934.639240,458
40,46,2,77,5813.671425,2332.548423,383
40,23,2,103,1142.927588,4512.517193,724
40,21,2,106,96.602031,6413.539520,1000
40,19,0,749,1586.376439,7104.553441,1126
40,17,2,203,4425.044000,9387.746255,1497
40,17,2,525,4687.701057,9168.619330,1458
40,25,2,158,1672.829369,4147.113147,646
40,31,2,134,6753.108599,6875.444010,1107
40,20,2,312,5044.105113,7870.986002,1260
40,22,1,750,1586.376439,7104.553441,1126
40,50,2,124,9770.602622,1005.070018,199
40,51,2,669,9264.518348,2852.169320,477
40,20,2,556,4905.133354,8186.772617,1299
40,51,2,717,9232.127116,2640.071491,436
40,34,2,309,8404.750403,8263.914812,1353
40,26,2,734,2897.619267,3683.053693,571
40,34,2,492,9056.807352,9014.833351,1476
40,51,2,716,9232.127116,2640.071491,436
40,20,2,271,4397.232216,7904.788786,1257
40,28,2,676,3514.682057,6826.762879,1094
40,19,2,75,405.330357,7106.259424,1121
40,22,2,368,2851.367719,7051.093895,1131
40,28,2,758,4462.263386,6571.948809,1057
40,21,2,107,96.602031,6413.539520,1000
40,67,2,455,9149.157421,5970.372779,956
40,49,2,431,5093.950436,1041.353659,180
40,23,2,104,1142.927588,4512.517193,724
40,46,2,100,6326.332590,2685.456034,425
40,22,2,512,2403.629437,8619.909958,1369
40,19,2,448,1078.105519,7559.941810,1204
40,25,2,359,1182.159673,4008.057101,644
40,20,1,659,3247.334940,7834.648944,1252
40,20,2,172,4701.284375,7608.360236,1218
40,28,2,743,3792.937659,6910.373241,1095
40,45,1,348,5541.812189,4064.547141,662
40,19,2,438,121.447846,8194.682823,1280
40,25,2,637,1302.919090,2622.744989,405
40,33,2,554,931.258847,798.682131,123
40,63,2,589,4261.978449,1821.289334,297
40,69,2,181,5067.315847,5397.313679,860
40,36,2,251,7414.955021,7713.151831,1229
40,20,2,286,3458.258719,8387.638157,1333
40,24,2,746,3242.427249,5683.837574,892
40,22,2,394,1722.493675,7411.824019,1166
40,38,2,673,3939.241331,3595.346943,575
40,36,2,647,8163.406794,8166.198982,1312
40,17,2,542,4694.101772,9906.187121,1578
40,66,1,618,4431.856983,3974.184970,617
40,22,2,297,1668.751618,7595.977415,1206
40,32,2,190,6867.522480,7953.809297,1267
40,20,2,354,4618.527304,8951.165554,1418
40,53,2,594,7572.625252,3336.154238,550
40,43,2,697,9592.428727,5179.958213,838
40,61,2,366,8642.430469,2529.599334,434
40,32,2,191,6867.522480,7953.809297,1267
40,58,1,332,7554.446001,7390.742251,1190
40,23,2,478,219.780213,4986.506845,760
40,23,2,719,1209.653087,5144.314337,804
40,25,2,299,2207.937128,3015.728523,488
40,31,2,343,6960.301586,6186.441251,987
40,25,2,638,1302.919090,2622.744989,405
40,24,2,635,2793.507141,5997.603710,931
40,15,2,136,6434.560946,2004.505369,345
40,40,2,263,5424.359712,2918.693363,461
40,20,2,400,4170.135404,7807.273040,1256
40,20,2,490,4690.489384,7929.846449,1258
40,65,2,379,7251.053445,4178.577340,669
40,18,2,327,2868.966319,9423.485127,1491
40,60,2,208,5624.436389,4790.742638,782
40,18,2,521,3646.540856,9481.958712,1494
40,19,2,640,914.583383,7654.632803,1203
40,54,2,163,9017.539433,3746.655406,596
40,49,2,494,5068.507346,1037.470764,180
40,27,2,290,2791.758296,2642.271716,411
40,40,1,537,4612.892732,2934.639240,458
40,19,0,750,1586.376439,7104.553441,1126
40,32,2,606,7007.506761,8289.565907,1348
40,17,2,777,5459.407720,8865.141709,1421
40,17,2,778,5459.407720,8865.141709,1421
40,23,2,220,472.071622,4877.408297,761
40,13,2,687,627.681743,3732.607993,562
40,20,1,658,3247.334940,7834.648944,1252
40,68,2,248,8342.659388,5091.105635,833
40,28,2,424,4113.357979,6314.412519,1016
40,33,2,553,931.258847,798.682131,123
40,43,2,662,9813.229134,5492.884314,879
40,59,2,441,8217.921977,5979.667128,952
40,58,2,519,8292.948608,7568.518895,1233
40,23,2,609,1192.314690,4581.211601,724
40,38,0,537,4612.892732,2934.639240,458
40,9,1,685,8023.639432,4074.659075,672
40,13,2,501,547.487779,3872.175877,602
40,19,2,481,118.485366,8240.683951,1280
40,25,2,91,1400.061562,4015.076220,645
40,24,2,644,2300.683427,5539.887762,889
40,43,2,698,9592.428727,5179.958213,838
40,11,2,404,8275.925468,3504.253243,593
40,11,2,230,8230.033421,3237.108246,512
50,18,2,327,2868.966319,9423.485127,1491
50,38,2,537,4512.770659,3053.554059,498
50,19,2,749,1479.363200,7239.991108,1125
50,22,2,567,3007.739841,7164.490966,1132
50,43,2,698,9570.186555,5204.307892,838
50,63,2,147,5229.266618,1782.405177,300
50,22,2,540,1853.071416,7580.207677,1207
50,65,2,379,7142.028553,4300.109224,708
50,24,2,211,1643.927980,5647.472332,886
50,19,2,750,1479.363200,7239.991108,1125
50,22,2,512,2313.692502,8703.668886,1369
50,59,2,441,8217.921977,5979.667128,952
50,43,1,497,9908.252444,5700.005684,919
50,28,2,676,3389.720329,6937.186824,1093
50,19,2,481,215.636454,8165.909549,1280
50,22,2,214,2905.832446,8309.384709,1331
50,32,2,191,6777.625374,8069.479458,1307
50,25,2,95,1857.893835,3104.027519,487
50,20,0,781,3821.078234,7395.823158,1175
50,25,2,91,1290.126108,4108.774104,645
50,53,2,594,7545.068189,3357.276182,550
50,53,2,463,7311.839855,3556.102949,589
50,23,2,318,672.578049,5218.041172,802
50,18,2,521,3539.793865,9571.071179,1534
50,22,2,768,1907.786996,7651.228307,1207
50,22,2,297,1668.751618,7595.977415,1206
50,23,2,103,1120.322760,4540.593610,724
50,64,2,562,8129.267820,4714.568196,752
50,28,2,424,3998.126941,6437.303051,1015
50,30,2,509,6090.587120,4794.252684,784
50,40,2,263,5298.571634,3049.216897,501
50,43,2,662,9813.229134,5492.884314,879
50,31,2,134,6734.134987,6896.955641,1106
50,67,2,726,9629.759583,5733.678830,918
50,32,2,190,6777.625374,8069.479458,1307
50,17,2,525,4664.659259,9194.379389,1458
50,22,2,712,1400.960485,8464.288863,1325
50,68,2,248,8342.659388,5091.105635,833
50,22,2,658,3247.334940,7834.648944,1252
50,24,2,225,2195.366117,4813.432405,768
50,53,0,230,8137.718125,3355.010566,552
50,61,2,366,8642.430469,2529.599334,434
50,38,1,673,3817.259932,3718.369817,575
50,26,2,388,3404.640651,3789.628402,613
50,24,0,666,3328.365934,5396.499330,853
50,25,2,621,2081.163392,4284.144434,688
50,18,2,185,2485.368181,9910.834022,1569
50,54,2,163,9017.539433,3746.655406,596
50,63,2,256,4359.430404,1490.959747,217
50,19,2,640,914.583383,7654.632803,1203
50,35,2,132,9128.882297,9818.296487,1596
50,12,2,586,62.676276,2440.877914,360
50,12,2,453,1103.640950,2496.513277,364
50,12,2,452,1103.640950,2496.513277,364
50,12,2,373,391.887589,1368.446940,201
50,12,2,273,167.150620,1662.091997,240
50,44,2,627,6783.946169,2739.839252,427
50,36,2,332,7446.522332,7516.012862,1229
50,23,2,319,672.578049,5218.041172,802
50,16,2,89,9323.501019,1589.285791,277
50,67,1,86,8787.788139,5715.935308,915
50,50,2,206,9839.727794,1109.414581,199
50,67,2,455,9129.905314,5995.531922,956
50,25,2,299,2187.887272,3033.447891,488
50,26,2,560,3516.838213,3670.069150,574
50,25,2,316,1050.741959,3219.204766,484
50,28,2,474,2980.111297,6324.989114,1011
50,66,2,334,4871.884751,3855.272343,619
50,33,2,554,931.258847,798.682131,123
50,8,2,685,7895.167234,4187.915410,671
50,18,2,278,3605.793378,9984.561122,1574
50,20,2,354,4602.677461,8971.249523,1418
50,23,2,104,1120.322760,4540.593610,724
50,43,2,661,9813.229134,5492.884314,879
50,42,0,86,8787.788139,5715.935308,915
50,17,2,778,5346.832239,8953.271236,1421
50,26,2,471,3299.316231,3349.677546,533
50,23,2,719,1209.653087,5144.314337,804
50,69,2,575,4652.213841,5152.144298,818
50,32,2,606,7007.506761,8289.565907,1348
50,18,2,690,2343.356063,9958.988099,1569
50,46,2,140,6188.015001,2725.299835,424
50,34,2,492,9056.807352,9014.833351,1476
50,23,2,220,472.071622,4877.408297,761
50,34,2,309,8384.696942,8286.286419,1353
50,24,2,350,1934.668733,5315.841445,847
50,28,1,781,3821.078234,7395.823158,1175
50,23,2,625,354.607540,4454.301328,681
50,20,2,556,4885.929179,8204.645486,1299
50,66,2,714,4981.181814,3820.431131,619
50,20,2,400,4079.811464,7930.048500,1256
50,46,2,218,6135.715349,2128.574227,344
50,19,2,448,1078.105519,7559.941810,1204
50,29,2,487,5112.707469,6440.891735,1020
50,14,2,268,9207.051623,1723.756154,276
50,19,2,438,101.564583,8215.137668,1280
50,26,0,673,3817.259932,3718.369817,575
50,36,2,251,7393.308583,7733.840569,1229
50,49,2,431,5068.930492,1064.753223,180
50,24,2,644,2300.683427,5539.887762,889
50,17,2,203,4425.044000,9387.746255,1497
50,19,2,75,281.190873,7234.715324,1121
50,25,2,129,2241.930665,2672.842294,408
50,25,2,158,1651.544894,4166.408178,646
50,20,2,286,3434.606573,8412.176158,1333
50,23,2,478,179.801333,4815.101121,760
50,24,2,746,3226.109993,5710.032503,892
50,25,2,564,1493.957149,2989.373723,445
50,67,2,623,9011.342761,5656.495031,916
50,46,2,101,6231.698421,2805.505334,464
50,25,2,359,1076.734889,4108.532262,644
50,24,2,635,2775.355676,6017.591384,971
50,51,2,669,9134.584252,2941.432645,476
50,26,2,244,3327.087766,4284.997166,693
50,17,2,736,6158.836104,9827.206325,1584
50,56,2,197,9022.544772,1964.408900,316
50,24,2,151,1974.537849,4868.165901,767
50,20,2,490,4690.489384,7929.846449,1258
50,39,2,466,6065.613092,1692.870750,264
50,46,2,217,6135.715349,2128.574227,344
50,51,2,717,9214.432985,2663.292884,436
50,22,2,659,3247.334940,7834.648944,1252
50,46,2,100,6231.698421,2805.505334,464
50,69,2,574,4652.213841,5152.144298,818
50,20,2,172,4594.394977,7725.003102,1218
50,66,2,348,5411.556595,4173.622563,661
50,49,2,381,4069.269171,1122.707855,176
50,44,2,149,7120.626318,3162.504089,508
50,31,2,775,6389.110930,6411.829778,1025
50,20,2,312,5044.105113,7870.986002,1260
50,31,2,343,6937.597037,6212.024359,987
50,35,2,97,9389.780130,9168.418009,1477
50,22,2,179,3068.054765,7370.557218,1172
50,43,2,697,9570.186555,5204.307892,838
50,32,2,392,7002.149972,9120.366393,1468
50,23,2,346,499.479960,5075.989416,801
50,42,2,505,8445.246395,5887.763318,953
50,36,0,519,8141.638115,7674.614941,1232
50,32,2,188,7260.443297,8923.375223,1429
50,17,2,777,5346.832239,8953.271236,1421
50,30,2,361,5891.817988,5441.581733,863
50,27,2,291,2769.073032,2661.200503,411
50,20,2,271,4369.203681,7928.872893,1257
50,20,2,242,4061.072127,8089.451536,1296
50,36,2,647,8142.226813,8184.987100,1312
50,58,1,519,8141.638115,7674.614941,1232
50,34,2,408,8629.847302,8545.677314,1394
50,59,2,377,7681.492937,6461.705270,1030
50,25,2,515,1990.697569,3939.258971,607
50,25,2,637,1275.903563,2638.991236,405
50,22,2,592,2084.269465,6836.260551,1088
50,25,2,631,1284.960251,3743.921533,565
50,51,2,716,9214.432985,2663.292884,436
50,22,2,723,2267.553617,6928.888026,1089
50,30,2,527,5492.264583,5601.911001,901
50,67,2,237,9099.510582,5337.189910,876
50,28,2,758,4447.661334,6593.511066,1057
50,13,2,501,528.397822,3898.427477,602
50,17,2,542,4670.478238,9927.266864,1578
50,23,2,477,179.801333,4815.101121,760
50,44,2,628,6783.946169,2739.839252,427
50,28,2,743,3774.625895,6931.600875,1095
50,22,2,368,2851.367719,7051.093895,1131
50,69,2,181,5067.315847,5397.313679,860
50,53,2,507,7505.560744,3632.762994,590
50,15,2,136,6411.203496,2026.101614,345
50,26,2,144,3129.291927,4399.805877,692
50,21,2,106,96.602031,6413.539520,1000
50,25,2,638,1275.903563,2638.991236,405
50,60,2,208,5624.436389,4790.742638,782
50,42,2,504,8445.246395,5887.763318,953
50,22,2,394,1722.493675,7411.824019,1166
50,13,2,687,464.468843,3854.345382,601
50,22,2,499,2528.673907,7990.090022,1250
50,26,2,734,2775.369210,3816.668763,611
50,49,2,494,5049.241720,1064.338503,180
50,61,2,80,8324.309757,2020.101578,353
50,38,2,536,4512.770659,3053.554059,498
50,33,2,553,931.258847,798.682131,123
50,50,2,124,9747.975902,1021.915648,198
50,61,2,81,8324.309757,2020.101578,353
50,23,2,609,1086.956638,4695.232925,724
50,63,2,146,5229.266618,1782.405177,300
50,9,0,404,8153.242897,3634.775583,592
50,26,2,445,2947.733247,3456.657929,531
50,63,2,589,4236.600992,1842.503441,296
50,27,2,290,2769.073032,2661.200503,411
50,42,2,649,8663.034451,5368.640015,874
50,11,1,404,8153.242897,3634.775583,592
50,46,2,77,5790.218481,2354.456511,383
50,11,1,230,8137.718125,3355.010566,552
50,21,2,107,96.602031,6413.539520,1000
60,25,2,638,1257.526557,2664.605001,405
60,25,2,564,1382.679689,3101.039471,485
60,33,2,553,931.258847,798.682131,123
60,46,2,77,5770.104677,2379.465305,383
60,19,2,438,81.705269,8235.615766,1280
60,53,2,463,7311.839855,3556.102949,589
60,43,2,697,9547.947559,5228.660473,838
60,19,2,749,1350.868817,7355.249028,1165
60,42,2,505,8445.246395,5887.763318,953
60,21,2,107,96.602031,6413.539520,1000
60,25,2,515,1852.946791,4050.340720,647
60,44,2,628,6764.090414,2757.683375,467
60,61,2,366,8642.430469,2529.599334,434
60,53,2,507,7505.560744,3632.762994,590
60,35,2,97,9367.238327,9190.449756,1477
60,54,2,163,9017.539433,3746.655406,596
60,29,0,527,5361.990042,5729.855762,901
60,31,2,775,6293.185787,6534.920863,1065
60,22,2,592,1974.962349,6945.214996,1087
60,68,2,248,8342.659388,5091.105635,833
60,22,1,712,1303.779270,8550.954137,1365
60,42,2,649,8637.410158,5395.009229,874
60,61,2,81,8304.623470,2038.519975,353
60,24,2,225,2084.302705,4948.606646,768
60,34,2,492,9056.807352,9014.833351,1476
60,22,2,723,2241.742015,6950.485317,1088
60,50,2,206,9839.727794,1109.414581,199
60,40,2,263,5171.079835,3178.076800,500
60,14,2,268,9189.388095,1742.337740,276
60,26,2,388,3404.640651,3789.628402,613
60,16,2,89,9323.501019,1589.285791,277
60,22,2,659,3247.334940,7834.648944,1252
60,19,2,481,215.636454,8165.909549,1280
60,32,2,606,7007.506761,8289.565907,1348
60,44,2,149,7120.626318,3162.504089,508
60,18,2,521,3447.705526,9675.261821,1533
60,22,2,768,1761.270116,7760.010966,1247
60,19,2,75,194.525589,7390.922424,1160
60,22,2,394,1722.493675,7411.824019,1166
60,29,2,487,5112.707469,6440.891735,1020
60,25,1,359,965.079568,4202.034840,643
60,34,2,408,8606.932142,8570.284391,1394
60,24,0,474,2856.135785,6431.576972,1011
60,22,2,179,3068.054765,7370.557218,1172
60,20,2,312,5044.105113,7870.986002,1260
60,27,2,290,2746.531917,2680.300721,410
60,59,1,377,7562.283335,6569.177648,1070
60,26,2,560,3416.415451,3765.296737,613
60,26,2,734,2643.274180,3940.559709,610
60,12,2,273,144.889612,1682.290126,240
60,12,2,373,373.653503,1389.151171,201
60,12,2,452,993.436155,2629.047559,403
60,12,2,453,993.436155,2629.047559,403
60,12,2,586,197.522240,2516.436163,400
60,69,2,574,4537.824844,5274.082333,858
60,22,2,214,2888.829139,8327.249495,1331
60,22,2,297,1668.751618,7595.977415,1206
60,26,2,244,3195.181891,4388.547557,692
60,46,2,218,6115.039789,2153.694277,344
60,46,0,136,6387.270155,2047.057840,345
60,58,0,377,7562.283335,6569.177648,1070
60,19,2,750,1350.868817,7355.249028,1165
60,17,2,203,4425.044000,9387.746255,1497
60,30,2,361,5748.541702,5541.377917,902
60,26,2,445,2851.279753,3554.571310,571
60,24,2,635,2754.428053,6034.650617,971
60,31,2,134,6714.088170,6917.470839,1106
60,63,0,381,3944.920907,1243.026250,175
60,23,2,609,975.569555,4803.372183,763
60,60,0,303,5995.246888,4203.547064,663
60,67,2,623,8914.479339,5742.738548,915
60,8,2,685,7757.591896,4289.920948,711
60,39,2,466,6065.613092,1692.870750,264
60,20,2,271,4338.848077,7949.948477,1257
60,24,2,666,3328.365934,5396.499330,853
60,51,2,669,9029.427110,3058.875337,516
60,46,2,100,6231.698421,2805.505334,464
60,67,2,726,9629.759583,5733.678830,918
60,67,2,455,9111.114591,6021.037507,996
60,17,2,525,4638.355253,9216.798228,1458
60,17,2,542,4648.675786,9950.225087,1578
60,17,2,736,6133.405250,9853.941856,1584
60,18,2,690,2343.356063,9958.988099,1569
60,49,1,381,3944.920907,1243.026250,175
60,32,2,191,6683.700145,8181.903330,1306
60,42,2,504,8445.246395,5887.763318,953
60,28,1,474,2856.135785,6431.576972,1011
60,61,2,80,8304.623470,2038.519975,353
60,26,2,673,3685.574449,3830.944340,614
60,23,2,478,252.228303,4654.687383,721
60,30,2,509,6090.587120,4794.252684,784
60,43,2,661,9813.229134,5492.884314,879
60,32,2,188,7238.487999,8939.153713,1428
60,19,0,712,1303.779270,8550.954137,1365
60,59,2,441,8217.921977,5979.667128,952
60,33,2,554,931.258847,798.682131,123
60,60,2,208,5624.436389,4790.742638,782
60,38,2,537,4428.884536,3184.429122,497
60,50,2,124,9726.426541,1040.119184,198
60,23,2,318,552.726250,5325.191748,842
60,23,2,719,1209.653087,5144.314337,804
60,20,2,490,4690.489384,7929.846449,1258
60,25,2,95,1738.362774,3215.248997,486
60,36,2,332,7310.082222,7609.417042,1229
60,36,2,251,7375.157069,7757.654740,1269
60,51,2,717,9195.762683,2685.736929,436
60,25,2,129,2241.930665,2672.842294,408
60,25,2,316,1028.009536,3242.832970,484
60,25,2,158,1630.792270,4186.274122,646
60,36,2,647,8142.226813,8184.987100,1312
60,49,2,431,5044.811224,1089.080124,180
60,34,2,309,8365.858185,8309.690081,1353
60,18,2,185,2485.368181,9910.834022,1569
60,22,2,540,1752.910526,7679.479018,1207
60,15,1,136,6387.270155,2047.057840,345
60,24,2,644,2300.683427,5539.887762,889
60,32,2,392,7002.149972,9120.366393,1468
60,23,2,103,1098.867990,4569.558353,724
60,46,2,140,6188.015001,2725.299835,424
60,28,2,424,3886.744498,6563.692236,1055
60,66,2,334,4871.884751,3855.272343,619
60,23,0,359,965.079568,4202.034840,643
60,20,2,354,4584.626613,8989.380992,1418
60,51,2,716,9195.762683,2685.736929,436
60,18,2,327,2868.966319,9423.485127,1491
60,25,2,631,1264.870771,3763.781250,605
60,44,2,627,6764.090414,2757.683375,467
60,27,2,291,2746.531917,2680.300721,410
60,63,2,146,5229.266618,1782.405177,300
60,43,2,662,9813.229134,5492.884314,879
60,49,2,494,5026.836766,1088.650183,180
60,28,2,743,3757.429722,6953.741895,1095
60,28,2,758,4431.066916,6613.580350,1057
60,66,2,348,5272.970764,4271.897355,701
60,22,2,368,2829.885096,7070.301567,1131
60,56,2,197,9022.544772,1964.408900,316
60,46,2,101,6231.698421,2805.505334,464
60,24,2,746,3202.632445,5730.063277,892
60,17,2,778,5266.721907,9071.687399,1461
60,19,2,640,914.583383,7654.632803,1203
60,43,2,698,9547.947559,5228.660473,838
60,23,2,625,354.607540,4454.301328,681
60,24,2,151,1974.537849,4868.165901,767
60,18,2,278,3752.069881,9980.831262,1575
60,30,1,527,5361.990042,5729.855762,901
60,25,2,299,2168.560375,3051.953129,488
60,69,2,181,5067.315847,5397.313679,860
60,31,2,343,6937.597037,6212.024359,987
60,20,1,286,3413.394513,8438.851727,1333
60,21,2,106,96.602031,6413.539520,1000
60,20,2,242,4061.072127,8089.451536,1296
60,23,2,477,252.228303,4654.687383,721
60,20,2,172,4472.548657,7825.920770,1257
60,24,2,350,1802.613818,5440.804527,847
60,23,2,104,1098.867990,4569.558353,724
60,18,0,286,3413.394513,8438.851727,1333
60,35,2,132,9282.719753,9807.529344,1597
60,25,2,621,2081.163392,4284.144434,688
60,63,2,147,5229.266618,1782.405177,300
60,13,2,687,314.833326,3992.431060,601
60,38,2,536,4428.884536,3184.429122,497
60,53,2,594,7522.542475,3383.698152,550
60,26,2,471,3174.625106,3463.391542,532
60,22,2,499,2509.964677,8006.123303,1290
60,25,2,637,1257.526557,2664.605001,405
60,36,2,519,8008.396192,7802.668939,1272
60,69,2,575,4537.824844,5274.082333,858
60,19,2,448,1078.105519,7559.941810,1204
60,46,2,217,6115.039789,2153.694277,344
60,22,2,658,3247.334940,7834.648944,1252
60,13,2,501,503.973445,3919.805567,602
60,23,2,346,415.211819,5160.170858,801
60,26,1,144,3051.945262,4518.075873,732
60,20,2,781,3692.686964,7502.342354,1214
60,23,2,319,552.726250,5325.191748,842
60,22,2,567,3007.739841,7164.490966,1132
60,65,2,379,7023.222632,4412.098416,708
60,53,2,230,8137.718125,3355.010566,552
60,25,2,91,1194.695000,4217.208421,644
60,22,2,512,2235.782475,8798.717493,1408
60,17,2,777,5266.721907,9071.687399,1461
60,20,2,400,3985.291320,8049.623456,1295
60,20,2,556,4866.696073,8222.487217,1299
60,63,2,589,4212.569182,1865.230644,296
60,67,2,237,9099.510582,5337.189910,876
60,42,2,86,8675.494985,5808.467334,954
60,9,2,404,8025.757723,3760.611288,632
60,64,2,562,8129.267820,4714.568196,752
60,66,2,714,4865.173645,3923.723672,619
60,28,2,676,3278.350753,7061.306519,1133
60,23,2,220,472.071622,4877.408297,761
60,32,2,190,6683.700145,8181.903330,1306
60,24,2,211,1643.927980,5647.472332,886
60,63,2,256,4359.430404,1490.959747,217
70,28,2,676,3278.350753,7061.306519,1133
70,27,2,291,2725.356416,2700.904565,410
70,22,2,659,3247.334940,7834.648944,1252
70,42,2,505,8445.246395,5887.763318,953
70,20,2,400,3875.373780,8155.218731,1295
70,25,1,91,1107.943915,4332.704511,684
70,36,2,519,7864.705018,7918.876009,1271
70,21,2,107,96.602031,6413.539520,1000
70,46,2,217,6095.639290,2179.811634,344
70,42,2,649,8612.924783,5422.439255,874
70,18,2,690,2429.924485,9825.673804,1569
70,19,2,640,914.583383,7654.632803,1203
70,19,2,481,215.636454,8165.909549,1280
70,19,2,448,966.170795,7715.562546,1203
70,22,2,297,1668.751618,7595.977415,1206
70,31,1,775,6163.155400,6621.206124,1064
70,22,2,368,2806.364758,7086.951836,1131
70,69,2,575,4446.979640,5414.442142,857
70,36,2,251,7357.858650,7782.095625,1269
70,23,2,346,415.211819,5160.170858,801
70,61,2,81,8283.521444,2055.297689,353
70,63,2,147,5229.266618,1782.405177,300
70,65,2,379,6914.491245,4533.892963,747
70,67,2,455,9089.754318,6044.433336,996
70,61,2,366,8619.183131,2553.902792,434
70,24,2,211,1643.927980,5647.472332,886
70,23,2,319,425.385238,5423.324139,841
70,25,2,638,1232.310073,2683.523463,404
70,24,2,350,1679.062146,5574.180900,886
70,31,2,134,6695.425636,6939.252897,1106
70,19,2,749,1216.785931,7463.954937,1164
70,18,2,521,3341.570850,9765.102693,1573
70,22,2,768,1615.071736,7869.221297,1246
70,22,2,723,2215.588892,6971.667762,1088
70,40,2,263,5050.756891,3313.654904,540
70,22,2,499,2493.797610,8024.717048,1289
70,24,2,635,2736.049474,6054.429662,970
70,22,2,592,1974.962349,6945.214996,1087
70,22,2,658,3247.334940,7834.648944,1252
70,23,2,477,262.189523,4478.963147,681
70,66,2,334,4871.884751,3855.272343,619
70,44,2,149,7120.626318,3162.504089,508
70,26,1,244,3074.378779,4504.859427,732
70,24,2,746,3181.777001,5752.811412,932
70,46,2,136,6361.649747,2065.914216,345
70,35,2,132,9278.950097,9653.361632,1557
70,42,2,504,8445.246395,5887.763318,953
70,19,2,712,1237.137240,8662.819673,1364
70,12,2,453,993.436155,2629.047559,403
70,12,2,586,152.454169,2368.580314,360
70,20,2,354,4564.809475,9005.563216,1458
70,26,2,560,3323.124064,3867.520717,613
70,64,2,562,8129.267820,4714.568196,752
70,36,2,647,8142.226813,8184.987100,1312
70,32,2,188,7216.970149,8955.523746,1428
70,26,2,673,3583.904565,3971.220225,614
70,22,2,567,3007.739841,7164.490966,1132
70,28,2,743,3737.425284,6973.382558,1094
70,23,2,103,1075.122017,4596.676470,724
70,12,2,452,993.436155,2629.047559,403
70,25,2,637,1232.310073,2683.523463,404
70,10,0,404,7884.636179,3870.937188,631
70,43,2,698,9525.087461,5252.430980,878
70,43,2,661,9813.229134,5492.884314,879
70,20,2,312,5044.105113,7870.986002,1260
70,20,2,271,4313.842459,7977.158072,1257
70,20,2,242,4061.072127,8089.451536,1296
70,19,2,750,1216.785931,7463.954937,1164
70,63,2,146,5229.266618,1782.405177,300
70,8,1,685,7620.544006,4392.634039,710
70,68,2,248,8342.659388,5091.105635,833
70,23,2,104,1075.122017,4596.676470,724
70,25,2,299,2153.122201,3073.808003,488
70,32,2,606,7007.506761,8289.565907,1348
70,14,2,268,9172.391130,1761.530934,316
70,60,2,208,5624.436389,4790.742638,782
70,54,2,163,9017.539433,3746.655406,596
70,25,2,631,1245.047939,3783.907127,604
70,33,2,553,931.258847,798.682131,123
70,42,2,86,8586.774107,5923.795277,954
70,18,2,286,3388.670364,8462.309220,1333
70,12,2,373,373.653503,1389.151171,201
70,61,2,80,8283.521444,2055.297689,353
70,17,2,778,5266.721907,9071.687399,1461
70,26,2,471,3051.824882,3579.144964,572
70,17,2,777,5266.721907,9071.687399,1461
70,36,2,332,7175.463978,7705.428357,1228
70,16,2,89,9323.501019,1589.285791,277
70,53,2,507,7505.560744,3632.762994,590
70,22,2,179,3068.054765,7370.557218,1172
70,24,2,644,2300.683427,5539.887762,889
70,29,2,487,5112.707469,6440.891735,1020
70,12,2,273,123.037514,1702.929959,240
70,46,2,101,6231.698421,2805.505334,464
70,67,2,726,9629.759583,5733.678830,918
70,32,2,190,6574.981790,8280.093935,1346
70,33,2,554,931.258847,798.682131,123
70,32,2,392,7002.149972,9120.366393,1468
70,29,2,527,5219.965714,5844.618159,940
70,27,2,290,2725.356416,2700.904565,410
70,60,2,303,5968.623691,4224.816076,663
70,38,2,537,4428.884536,3184.429122,497
70,31,2,343,6937.597037,6212.024359,987
70,22,2,214,2870.727279,8344.000189,1331
70,39,2,466,6065.613092,1692.870750,264
70,42,0,623,8819.519398,5831.073571,955
70,20,2,490,4690.489384,7929.846449,1258
70,21,2,106,96.602031,6413.539520,1000
70,51,1,669,8924.444298,3176.473890,515
70,54,0,669,8924.444298,3176.473890,515
70,67,1,623,8819.519398,5831.073571,955
70,35,0,584,9146.046680,9787.227094,1596
70,18,2,327,2868.966319,9423.485127,1491
70,20,2,556,4847.076749,8239.903356,1299
70,53,2,230,8137.718125,3355.010566,552
70,25,2,316,1008.274480,3269.016603,524
70,67,2,237,9099.510582,5337.189910,876
70,46,2,77,5770.104677,2379.465305,383
70,23,2,719,1209.653087,5144.314337,804
70,13,2,501,483.260549,3944.796543,601
70,23,2,478,262.189523,4478.963147,681
70,51,2,717,9176.862506,2707.987741,436
70,19,2,438,66.362382,8259.664480,1320
70,38,2,536,4428.884536,3184.429122,497
70,51,2,716,9176.862506,2707.987741,436
70,53,2,594,7498.264972,3408.520140,549
70,63,2,589,4185.316855,1883.975358,296
70,50,2,206,9839.727794,1109.414581,199
70,25,2,158,1610.687142,4206.795109,646
70,46,2,100,6231.698421,2805.505334,464
70,26,2,445,2751.690938,3649.293931,571
70,49,2,431,5019.929963,1112.627100,180
70,23,2,625,354.607540,4454.301328,681
70,30,2,361,5626.681931,5666.428180,902
70,66,2,348,5156.414809,4395.504299,700
70,17,2,525,4615.991870,9243.149399,1458
70,50,2,124,9704.863344,1058.306328,198
70,64,0,685,7620.544006,4392.634039,710
70,28,2,758,4431.066916,6613.580350,1057
70,34,2,309,8347.147708,8333.196424,1353
70,63,2,256,4336.125948,1506.695734,257
70,20,2,781,3570.813368,7616.261115,1214
70,30,2,509,6090.587120,4794.252684,784
70,24,2,225,2084.302705,4948.606646,768
70,56,2,197,9022.544772,1964.408900,316
70,19,2,75,78.959706,7527.143040,1200
70,25,2,621,2060.468524,4306.709210,688
70,25,2,95,1620.307319,3328.035526,526
70,25,2,564,1271.803515,3213.103678,485
70,69,2,574,4446.979640,5414.442142,857
70,44,2,628,6764.090414,2757.683375,467
70,22,2,512,2156.027505,8892.223402,1408
70,23,0,91,1107.943915,4332.704511,684
70,43,2,697,9525.087461,5252.430980,878
70,49,2,494,5026.836766,1088.650183,180
70,23,2,220,472.071622,4877.408297,761
70,25,2,515,1737.492748,4184.448123,646
70,31,0,254,6496.819468,5881.003897,945
70,66,2,714,4758.816349,4036.928662,659
70,24,2,151,1974.537849,4868.165901,767
70,22,2,540,1653.433506,7779.435636,1246
70,24,2,666,3328.365934,5396.499330,853
70,24,2,474,2740.265399,6546.924070,1050
70,59,2,441,8217.921977,5979.667128,952
70,34,2,492,9056.807352,9014.833351,1476
70,20,2,172,4361.810532,7938.916208,1257
70,46,2,218,6095.639290,2179.811634,344
70,23,2,359,857.657283,4300.371484,683
70,69,2,181,5067.315847,5397.313679,860
70,32,2,191,6574.981790,8280.093935,1346
70,46,2,140,6188.015001,2725.299835,424
70,18,2,185,2485.368181,9910.834022,1569
70,18,2,278,3781.077283,9837.411257,1575
70,22,2,394,1722.493675,7411.824019,1166
70,34,2,408,8581.039803,8591.736652,1394
70,26,2,734,2519.883554,4073.122212,650
70,44,2,627,6764.090414,2757.683375,467
70,43,2,662,9813.229134,5492.884314,879
70,17,2,203,4403.755860,9409.820239,1497
70,13,2,687,185.415371,4149.623411,640
70,23,2,609,863.448381,4910.750130,763
70,26,2,388,3404.640651,3789.628402,613
70,63,2,381,3831.386889,1373.598199,215
70,53,2,463,7311.839855,3556.102949,589
70,58,2,377,7442.020333,6675.469941,1069
70,9,1,404,7884.636179,3870.937188,631
70,35,2,97,9346.515453,9214.200404,1477
70,25,2,129,2223.950893,2695.147952,408
70,23,2,318,425.385238,5423.324139,841
70,28,2,424,3755.572635,6669.400407,1055
70,17,2,736,6105.534892,9878.123671,1584
70,17,2,542,4627.889457,9974.107204,1578
80,18,2,690,2396.901719,9670.186538,1529
80,43,2,698,9498.070087,5271.343480,877
80,49,2,494,5026.836766,1088.650183,180
80,38,2,537,4428.884536,3184.429122,497
80,59,2,441,8196.467322,5998.990113,952
80,23,2,318,326.832309,5550.339963,881
80,17,2,525,4596.519410,9271.703355,1498
80,23,1,477,252.604124,4303.218010,681
80,43,2,662,9813.229134,5492.884314,879
80,19,2,640,892.744391,7677.476215,1203
80,63,2,147,5229.266618,1782.405177,300
80,53,2,594,7474.929972,3434.230178,549
80,22,2,499,2473.287472,8038.371190,1289
80,63,2,146,5229.266618,1782.405177,300
80,46,2,140,6188.015001,2725.299835,424
80,61,2,366,8619.183131,2553.902792,434
80,23,2,609,746.671359,5013.045333,802
80,32,0,332,7077.219018,7838.425246,1268
80,35,2,97,9327.785367,9239.552221,1477
80,20,2,242,4061.072127,8089.451536,1296
80,14,2,268,9153.975765,1779.367690,316
80,64,2,685,7496.870896,4511.112161,749
80,67,2,455,9065.069996,6064.290585,996
80,31,2,134,6676.642323,6960.930890,1106
80,36,1,332,7077.219018,7838.425246,1268
80,26,2,445,2751.690938,3649.293931,571
80,24,2,151,1974.537849,4868.165901,767
80,23,2,359,746.886615,4394.920424,682
80,22,2,179,2967.865385,7479.244809,1171
80,34,2,492,9056.807352,9014.833351,1476
80,60,2,208,5509.312001,4875.346247,782
80,63,2,256,4315.692106,1526.013526,257
80,25,0,734,2385.353875,4194.365063,649
80,51,2,717,9155.119697,2727.470184,436
80,26,2,388,3404.640651,3789.628402,613
80,19,1,712,1137.643644,8746.820165,1364
80,22,2,768,1496.473956,8007.913147,1285
80,38,0,263,4914.566564,3433.284449,539
80,25,2,515,1606.757554,4303.707255,686
80,24,2,666,3328.365934,5396.499330,853
80,25,2,129,2205.483220,2717.051367,408
80,12,2,586,176.393804,2215.873481,320
80,12,2,453,993.436155,2629.047559,403
80,61,2,80,8283.521444,2055.297689,353
80,28,2,424,3640.999400,6792.904451,1094
80,25,2,637,1215.074176,2709.918597,404
80,23,2,625,354.607540,4454.301328,681
80,16,2,89,9323.501019,1589.285791,277
80,12,2,452,993.436155,2629.047559,403
80,12,2,273,123.037514,1702.929959,240
80,23,2,319,326.832309,5550.339963,881
80,53,2,230,8137.718125,3355.010566,552
80,67,2,726,9528.649699,5855.167838,958
80,24,2,225,2084.302705,4948.606646,768
80,63,2,589,4161.908505,1907.344200,296
80,20,2,354,4548.848123,9025.558679,1458
80,46,2,77,5770.104677,2379.465305,383
80,44,2,627,6764.090414,2757.683375,467
80,23,2,719,1209.653087,5144.314337,804
80,19,2,448,832.544841,7853.008173,1243
80,29,2,487,5112.707469,6440.891735,1020
80,29,0,361,5502.718463,5789.393342,942
80,40,1,263,4914.566564,3433.284449,539
80,60,2,303,5942.642268,4246.864456,663
80,10,2,404,7763.795136,4003.166295,671
80,26,1,734,2385.353875,4194.365063,649
80,43,2,697,9498.070087,5271.343480,877
80,35,2,132,9402.341040,9745.863358,1557
80,17,2,778,5266.721907,9071.687399,1461
80,44,2,149,7120.626318,3162.504089,508
80,19,2,481,215.636454,8165.909549,1280
80,26,2,673,3583.904565,3971.220225,614
80,20,2,556,4829.588942,8259.458825,1339
80,22,0,474,2626.588804,6664.433776,1050
80,23,1,478,252.604124,4303.218010,681
80,46,2,100,6231.698421,2805.505334,464
80,42,2,504,8445.246395,5887.763318,953
80,25,2,316,986.242423,3293.299180,523
80,23,2,91,1107.943915,4332.704511,684
80,46,2,217,6095.639290,2179.811634,344
80,23,2,103,1050.456759,4622.961228,724
80,46,2,101,6231.698421,2805.505334,464
80,20,2,400,3774.852408,8269.794826,1335
80,12,2,373,373.653503,1389.151171,201
80,42,2,505,8445.246395,5887.763318,953
80,29,2,527,5099.574964,5981.903938,940
80,32,2,190,6464.601675,8376.412707,1345
80,23,2,220,472.071622,4877.408297,761
80,33,2,553,931.258847,798.682131,123
80,21,2,107,96.602031,6413.539520,1000
80,25,2,95,1499.485677,3437.853660,525
80,50,2,124,9704.863344,1058.306328,198
80,36,2,647,8142.226813,8184.987100,1312
80,17,2,203,4385.441657,9434.417712,1497
80,36,2,251,7357.858650,7782.095625,1269
80,28,2,676,3278.350753,7061.306519,1133
80,18,2,521,3247.236760,9867.264483,1572
80,49,2,431,4991.682289,1132.007661,179
80,63,1,381,3723.815001,1509.124196,254
80,58,2,377,7320.159625,6779.926675,1109
80,18,2,327,2868.966319,9423.485127,1491
80,22,2,368,2784.398107,7105.604022,1131
80,22,2,394,1722.493675,7411.824019,1166
80,61,2,81,8283.521444,2055.297689,353
80,24,1,474,2626.588804,6664.433776,1050
80,42,2,623,8728.349520,5923.315211,954
80,46,2,218,6095.639290,2179.811634,344
80,17,2,777,5266.721907,9071.687399,1461
80,18,2,185,2485.368181,9910.834022,1569
80,17,2,736,6105.534892,9878.123671,1584
80,18,0,512,2067.977595,8977.963844,1408
80,20,2,781,3441.897435,7722.144728,1213
80,13,2,501,458.580250,3965.878663,601
80,13,2,687,39.620552,4291.758253,680
80,23,2,104,1050.456759,4622.961228,724
80,22,2,540,1653.433506,7779.435636,1246
80,19,2,75,78.959706,7527.143040,1200
80,25,2,564,1142.737103,3303.623143,524
80,18,2,286,3366.736674,8488.394670,1333
80,32,2,392,6874.281846,9226.398691,1467
80,27,2,291,2704.489718,2721.821092,410
80,17,2,542,4603.256874,9993.998477,1578
80,22,1,512,2067.977595,8977.963844,1408
80,36,2,519,7746.249752,8060.719537,1310
80,25,2,621,2060.468524,4306.709210,688
80,32,2,606,7007.506761,8289.565907,1348
80,42,2,86,8474.418370,6016.251303,993
80,23,2,346,415.211819,5160.170858,801
80,53,2,507,7505.560744,3632.762994,590
80,68,2,248,8342.659388,5091.105635,833
80,25,2,638,1215.074176,2709.918597,404
80,32,2,188,7216.970149,8955.523746,1428
80,53,2,463,7311.839855,3556.102949,589
80,26,2,560,3323.124064,3867.520717,613
80,30,2,509,5992.995631,4920.744249,783
80,27,0,381,3723.815001,1509.124196,254
80,22,2,658,3247.334940,7834.648944,1252
80,30,1,361,5502.718463,5789.393342,942
80,39,2,466,6065.613092,1692.870750,264
80,54,2,669,8826.429482,3299.940105,555
80,44,2,628,6764.090414,2757.683375,467
80,27,2,290,2704.489718,2721.821092,410
80,22,2,592,1974.962349,6945.214996,1087
80,36,0,309,8327.149889,8355.617784,1353
80,24,2,635,2713.787581,6069.706799,970
80,24,2,746,3156.896774,5771.070697,932
80,38,2,536,4428.884536,3184.429122,497
80,28,2,743,3718.568842,6994.127865,1094
80,69,2,574,4308.089963,5507.519446,897
80,20,2,490,4690.489384,7929.846449,1258
80,19,2,750,1113.897169,7602.551825,1204
80,19,2,749,1113.897169,7602.551825,1204
80,56,2,197,9004.489935,1983.771483,316
80,64,2,562,8129.267820,4714.568196,752
80,50,2,206,9839.727794,1109.414581,199
80,18,2,278,3781.077283,9837.411257,1575
80,22,2,297,1668.751618,7595.977415,1206
80,13,0,477,252.604124,4303.218010,681
80,32,2,191,6464.601675,8376.412707,1345
80,25,2,631,1222.555227,3800.997285,604
80,69,2,575,4308.089963,5507.519446,897
80,28,2,758,4431.066916,6613.580350,1057
80,24,0,244,2950.030740,4617.373463,731
80,26,2,471,2931.989653,3697.965280,571
80,51,2,716,9155.119697,2727.470184,436
80,42,2,649,8612.924783,5422.439255,874
80,34,1,309,8327.149889,8355.617784,1353
80,19,2,438,45.996674,8279.639033,1320
80,24,2,644,2300.683427,5539.887762,889
80,22,2,723,2188.527006,6991.676163,1088
80,22,2,659,3247.334940,7834.648944,1252
80,31,2,254,6396.310042,6007.726100,985
80,66,2,714,4647.020649,4144.766345,658
80,21,2,106,96.602031,6413.539520,1000
80,43,2,661,9813.229134,5492.884314,879
80,24,2,350,1582.406304,5728.167655,886
80,20,0,485,5013.257827,7660.952297,1220
80,13,0,478,252.604124,4303.218010,681
80,24,2,211,1643.927980,5647.472332,886
80,65,2,379,6807.905204,4657.569323,747
80,25,2,299,2136.854494,3095.052636,488
80,34,2,408,8560.715676,8618.523638,1394
80,20,2,172,4258.002907,8058.310003,1297
80,69,2,181,5067.315847,5397.313679,860
80,54,2,163,9017.539433,3746.655406,596
80,22,2,214,2856.597997,8364.214701,1331
80,33,2,554,931.258847,798.682131,123
80,20,2,312,5044.105113,7870.986002,1260
80,67,2,237,9099.510582,5337.189910,876
80,20,2,271,4313.842459,7977.158072,1257
80,66,2,334,4871.884751,3855.272343,619
80,31,2,343,6937.597037,6212.024359,987
80,35,2,584,9117.120478,9645.720330,1556
80,66,2,348,5020.792936,4497.830616,700
80,25,2,158,1591.128872,4227.837950,646
80,46,2,136,6337.637677,2086.780185,345
80,22,2,567,3007.739841,7164.490966,1132
90,42,2,504,8445.246395,5887.763318,953
90,24,2,635,2693.410893,6087.420448,970
90,20,2,556,4808.089045,8274.491928,1339
90,29,2,487,5112.707469,6440.891735,1020
90,65,2,379,6687.010690,4767.300551,786
90,20,2,271,4313.842459,7977.158072,1257
90,66,2,348,4883.815842,4598.335557,739
90,46,2,101,6118.938560,2908.717126,464
90,64,2,685,7387.327852,4642.764828,749
90,20,2,485,4886.676000,7795.663925,1259
90,16,2,89,9323.501019,1589.285791,277
90,63,2,147,5229.266618,1782.405177,300
90,39,2,466,6065.613092,1692.870750,264
90,49,2,431,4972.629497,1160.477441,179
90,26,2,673,3583.904565,3971.220225,614
90,26,2,445,2751.690938,3649.293931,571
90,22,2,658,3247.334940,7834.648944,1252
90,67,2,237,9099.510582,5337.189910,876
90,22,2,723,2163.858900,7014.570843,1128
90,22,1,768,1369.945204,8139.409679,1285
90,21,0,319,209.917006,5660.687195,880
90,17,2,778,5266.721907,9071.687399,1461
90,60,2,303,5917.614697,4269.989899,703
90,31,2,134,6657.458876,6982.255607,1106
90,53,2,463,7311.839855,3556.102949,589
90,67,0,697,9470.521563,5289.473564,877
90,14,2,268,9132.821438,1793.851129,316
90,50,2,206,9839.727794,1109.414581,199
90,26,2,388,3309.098452,3900.491443,613
90,25,2,631,1203.087675,3821.467018,604
90,25,2,637,1194.047550,2733.406046,404
90,19,0,768,1369.945204,8139.409679,1285
90,64,2,562,8107.515371,4737.029482,752
90,46,2,77,5770.104677,2379.465305,383
90,23,2,625,354.607540,4454.301328,681
90,23,2,609,626.730762,5111.612239,802
90,59,2,441,8196.467322,5998.990113,952
90,51,2,716,9155.119697,2727.470184,436
90,20,2,490,4690.489384,7929.846449,1258
90,66,1,714,4545.360557,4262.207693,698
90,46,2,140,6072.562306,2818.692690,464
90,28,2,676,3278.350753,7061.306519,1133
90,28,2,743,3700.441820,7015.513472,1134
90,12,2,453,993.436155,2629.047559,403
90,12,2,586,167.496382,2370.189128,360
90,27,2,381,3620.316441,1647.785852,254
90,20,2,312,5044.105113,7870.986002,1260
90,29,2,361,5382.176559,5915.714447,941
90,25,2,158,1571.592083,4248.900737,646
90,17,2,525,4575.233390,9298.932208,1498
90,17,2,542,4603.256874,9993.998477,1578
90,66,2,334,4871.884751,3855.272343,619
90,43,2,662,9813.229134,5492.884314,879
90,44,2,627,6764.090414,2757.683375,467
90,25,2,515,1499.621073,4444.548322,685
90,18,0,203,4362.202387,9454.427260,1497
90,12,2,452,993.436155,2629.047559,403
90,60,2,208,5423.784061,4989.785606,781
90,53,2,594,7449.445808,3457.811646,549
90,43,1,697,9470.521563,5289.473564,877
90,19,2,750,977.037851,7707.740808,1203
90,44,2,149,7120.626318,3162.504089,508
90,17,2,736,6105.534892,9878.123671,1584
90,23,2,104,1029.519786,4652.302438,724
90,21,2,106,96.602031,6413.539520,1000
90,10,2,404,7763.795136,4003.166295,671
90,49,2,494,5026.836766,1088.650183,180
90,54,2,163,9017.539433,3746.655406,596
90,69,2,181,5067.315847,5397.313679,860
90,17,1,203,4362.202387,9454.427260,1497
90,43,1,698,9470.521563,5289.473564,877
90,23,0,477,421.517418,4352.680441,681
90,43,2,661,9813.229134,5492.884314,879
90,32,2,188,7216.970149,8955.523746,1428
90,12,2,273,123.037514,1702.929959,240
90,36,2,309,8303.821117,8374.549200,1353
90,25,2,316,967.109570,3319.926028,523
90,36,2,519,7595.918298,8168.198328,1310
90,69,2,574,4190.376616,5626.251477,896
90,23,1,318,209.917006,5660.687195,880
90,20,2,172,4134.939206,8157.739511,1296
90,27,2,290,2683.024910,2742.123363,410
90,35,2,584,9248.870082,9704.905897,1556
90,18,2,286,3341.358340,8511.142804,1373
90,67,0,698,9470.521563,5289.473564,877
90,32,2,191,6360.570082,8479.555828,1345
90,30,2,509,5880.361713,5034.048331,823
90,32,2,190,6360.570082,8479.555828,1345
90,50,2,124,9704.863344,1058.306328,198
90,12,2,373,373.653503,1389.151171,201
90,46,2,100,6118.938560,2908.717126,464
90,26,2,560,3323.124064,3867.520717,613
90,22,2,297,1668.751618,7595.977415,1206
90,42,2,623,8629.881334,6007.721864,994
90,20,2,354,4531.517638,9044.379879,1458
90,35,2,132,9427.434971,9593.704925,1557
90,20,2,781,3317.996640,7833.855294,1253
90,51,2,717,9155.119697,2727.470184,436
90,46,2,217,6095.639290,2179.811634,344
90,28,2,424,3522.097222,6912.246593,1094
90,63,2,256,4296.772489,1546.816579,257
90,20,2,400,3661.135830,8371.287523,1334
90,53,2,230,8033.321756,3462.362645,552
90,22,2,659,3247.334940,7834.648944,1252
90,33,2,554,931.258847,798.682131,123
90,42,2,505,8445.246395,5887.763318,953
90,54,2,669,8697.048115,3390.002706,554
90,33,2,553,931.258847,798.682131,123
90,21,2,107,96.602031,6413.539520,1000
90,18,2,512,1974.672297,9057.953415,1447
90,59,0,86,8372.811023,6120.404437,993
90,46,2,218,6095.639290,2179.811634,344
90,67,2,726,9528.649699,5855.167838,958
90,34,2,408,8542.375010,8646.705773,1394
90,38,2,536,4428.884536,3184.429122,497
90,32,2,606,7007.506761,8289.565907,1348
90,19,2,749,977.037851,7707.740808,1203
90,61,2,80,8283.521444,2055.297689,353
90,24,2,644,2300.683427,5539.887762,889
90,35,2,97,9327.785367,9239.552221,1477
90,18,2,521,3150.498833,9967.153047,1572
90,63,2,146,5229.266618,1782.405177,300
90,32,2,392,6756.748767,9343.783021,1507
90,18,2,278,3781.077283,9837.411257,1575
90,21,0,318,209.917006,5660.687195,880
90,29,2,527,5099.574964,5981.903938,940
90,36,2,251,7357.858650,7782.095625,1269
90,25,2,299,2119.509780,3115.427465,488
90,31,2,343,6909.474046,6231.494574,987
90,25,2,95,1374.264126,3542.627010,565
90,22,2,394,1722.493675,7411.824019,1166
90,61,2,81,8283.521444,2055.297689,353
90,23,2,359,633.631253,4486.478415,682
90,24,2,746,3131.839118,5789.085719,932
90,19,2,640,869.366084,7698.741628,1203
90,19,2,481,215.636454,8165.909549,1280
90,20,2,242,3961.810695,8187.069073,1295
90,19,2,75,233.142551,7617.360445,1200
90,31,0,377,7213.704163,6900.045265,1108
90,34,2,492,9056.807352,9014.833351,1476
90,22,2,179,2864.610885,7585.024829,1211
90,24,2,211,1643.927980,5647.472332,886
90,22,2,214,2839.560309,8382.046702,1331
90,27,2,291,2683.024910,2742.123363,410
90,13,2,501,433.691003,3986.713690,601
90,19,2,438,22.686613,8296.082448,1320
90,42,2,649,8612.924783,5422.439255,874
90,24,2,666,3328.365934,5396.499330,853
90,63,2,589,4138.356740,1930.568498,296
90,31,2,254,6285.714221,6125.748239,985
90,25,2,621,2060.468524,4306.709210,688
90,24,2,225,2084.302705,4948.606646,768
90,22,2,540,1653.433506,7779.435636,1246
90,13,2,687,39.620552,4291.758253,680
90,18,2,185,2485.368181,9910.834022,1569
90,13,1,478,421.517418,4352.680441,681
90,32,2,332,6967.034350,7961.711836,1267
90,24,2,151,1974.537849,4868.165901,767
90,28,2,758,4431.066916,6613.580350,1057
90,67,2,455,9043.181169,6087.192667,996
90,25,2,734,2273.185846,4336.549440,689
90,22,2,368,2761.694023,7123.351200,1131
90,68,2,248,8240.165339,5191.214940,832
90,22,2,567,2876.508127,7255.889971,1171
90,22,2,499,2457.167099,8057.005431,1289
90,46,2,136,6313.546704,2107.555007,345
90,53,2,507,7505.560744,3632.762994,590
90,44,2,628,6764.090414,2757.683375,467
90,23,2,103,1029.519786,4652.302438,724
90,23,2,346,415.211819,5160.170858,801
90,23,0,478,421.517418,4352.680441,681
90,19,2,448,680.230081,7969.401514,1242
90,23,2,220,472.071622,4877.408297,761
90,26,2,471,2816.193618,3820.725323,611
90,18,2,690,2454.173761,9521.907388,1529
90,25,2,129,2185.170276,2737.255298,408
90,23,2,91,1107.943915,4332.704511,684
90,36,2,647,8122.814754,8205.596731,1312
90,58,1,377,7213.704163,6900.045265,1108
90,23,2,719,1209.653087,5144.314337,804
90,22,2,592,1974.962349,6945.214996,1087
90,17,2,777,5266.721907,9071.687399,1461
90,42,1,86,8372.811023,6120.404437,993
90,18,2,327,2735.095289,9540.543363,1530
90,61,2,366,8619.183131,2553.902792,434
90,25,2,638,1194.047550,2733.406046,404
90,56,2,197,8982.613471,1998.681449,315
90,60,0,422,6034.286730,4301.972992,704
90,25,2,564,1021.599690,3404.507431,524
90,24,2,350,1582.406304,5728.167655,886
90,13,1,477,421.517418,4352.680441,681
90,24,2,244,2827.355674,4731.709248,731
90,23,1,319,209.917006,5660.687195,880
90,38,2,537,4428.884536,3184.429122,497
90,69,2,575,4190.376616,5626.251477,896
90,38,2,263,4779.374052,3554.040476,579
90,22,2,474,2626.588804,6664.433776,1050
100,46,2,217,6095.639290,2179.811634,344
100,50,2,124,9704.863344,1058.306328,198
100,23,2,359,522.299934,4580.366542,722
100,69,0,348,4772.405354,4726.599622,739
100,27,2,291,2660.899966,2761.704146,450
100,42,2,505,8445.246395,5887.763318,953
100,61,2,81,8283.521444,2055.297689,353
100,17,2,777,5159.328492,9166.062751,1460
100,17,2,736,6105.534892,9878.123671,1584
100,17,2,542,4603.256874,9993.998477,1578
100,29,2,361,5250.875332,6030.811625,981
100,16,2,89,9323.501019,1589.285791,277
100,67,2,237,9099.510582,5337.189910,876
100,39,2,466,6065.613092,1692.870750,264
100,18,2,278,3781.077283,9837.411257,1575
100,20,2,242,3848.149388,8267.462620,1335
100,21,2,319,97.729524,5775.837828,920
100,20,2,556,4789.023675,8292.512789,1339
100,32,2,191,6256.320027,8582.478137,1385
100,20,2,485,4728.337750,7891.053546,1258
100,19,2,448,554.433028,8114.046935,1282
100,23,2,719,1085.073222,5271.528168,844
100,18,2,327,2735.095289,9540.543363,1530
100,36,2,251,7357.858650,7782.095625,1269
100,17,2,778,5159.328492,9166.062751,1460
100,44,2,149,7120.626318,3162.504089,508
100,28,2,676,3278.350753,7061.306519,1133
100,22,2,394,1722.493675,7411.824019,1166
100,69,2,181,5067.315847,5397.313679,860
100,53,2,594,7423.518819,3480.905357,549
100,29,2,487,5112.707469,6440.891735,1020
100,19,2,481,215.636454,8165.909549,1280
100,19,2,438,5.636375,8318.952389,1320
100,12,2,373,373.653503,1389.151171,201
100,17,2,525,4553.635436,9325.914303,1498
100,27,2,381,3499.543786,1771.692965,293
100,27,2,290,2660.899966,2761.704146,450
100,24,2,644,2300.683427,5539.887762,889
100,59,2,441,8196.467322,5998.990113,952
100,38,2,536,4315.217157,3290.471052,537
100,53,2,230,7940.971944,3580.237932,591
100,19,2,640,849.728767,7723.503267,1203
100,28,2,743,3680.138483,7034.844993,1134
100,66,1,348,4772.405354,4726.599622,739
100,20,2,312,5044.105113,7870.986002,1260
100,67,2,697,9444.705932,5309.996096,877
100,61,2,80,8283.521444,2055.297689,353
100,24,2,244,2712.756511,4854.138308,770
100,46,2,100,6000.141545,3004.918632,504
100,25,2,621,2060.468524,4306.709210,688
100,35,2,132,9537.909146,9486.106827,1518
100,54,2,163,9017.539433,3746.655406,596
100,23,2,91,1107.943915,4332.704511,684
100,19,2,75,384.139007,7712.815145,1201
100,20,2,172,4016.563616,8262.706749,1336
100,54,2,669,8592.891768,3508.333876,594
100,67,2,698,9444.705932,5309.996096,877
100,18,2,286,3317.330738,8535.313279,1373
100,14,2,268,9132.821438,1793.851129,316
100,23,2,220,472.071622,4877.408297,761
100,42,2,623,8567.177523,6121.250269,994
100,34,2,492,9056.807352,9014.833351,1476
100,20,2,271,4313.842459,7977.158072,1257
100,24,2,350,1582.406304,5728.167655,886
100,20,2,354,4512.691192,9061.704666,1458
100,25,2,734,2143.379352,4462.836168,688
100,10,2,404,7763.795136,4003.166295,671
100,67,2,726,9528.649699,5855.167838,958
100,22,2,179,2764.162314,7693.472923,1211
100,63,2,256,4275.884415,1565.642289,257
100,60,2,422,5947.222348,4431.783977,703
100,31,2,254,6173.533144,6242.264621,984
100,60,1,208,5331.528686,5098.874291,821
100,12,2,452,874.871559,2754.158987,443
100,18,2,203,4336.978210,9471.868206,1497
100,44,2,628,6764.090414,2757.683375,467
100,23,2,478,336.268045,4506.663484,721
100,20,2,400,3580.785396,8500.809859,1374
100,21,2,107,96.602031,6413.539520,1000
100,56,2,197,8963.194691,2016.675829,355
100,18,2,521,3150.498833,9967.153047,1572
100,33,2,553,931.258847,798.682131,123
100,46,2,136,6288.727379,2127.453986,345
100,53,2,507,7505.560744,3632.762994,590
100,23,2,477,336.268045,4506.663484,721
100,12,2,453,874.871559,2754.158987,443
100,65,0,685,7269.162985,4766.737274,789
100,18,2,185,2485.368181,9910.834022,1569
100,12,2,586,320.548372,2348.565729,361
100,24,2,211,1643.927980,5647.472332,886
100,23,2,346,415.211819,5160.170858,801
100,30,2,509,5880.361713,5034.048331,823
100,44,2,627,6764.090414,2757.683375,467
100,42,2,649,8612.924783,5422.439255,874
100,70,0,455,9020.883486,6109.696877,996
100,20,2,490,4690.489384,7929.846449,1258
100,43,2,661,9813.229134,5492.884314,879
100,24,2,151,1974.537849,4868.165901,767
100,46,2,77,5746.473111,2401.180598,382
100,46,2,140,5969.784676,2925.876218,463
100,20,1,781,3216.512017,7966.261973,1252
100,24,2,746,3110.813031,5811.676222,932
100,35,2,97,9327.785367,9239.552221,1477
100,25,2,158,1551.161486,4269.097712,686
100,51,2,716,9155.119697,2727.470184,436
100,32,2,606,7007.506761,8289.565907,1348
100,69,0,208,5331.528686,5098.874291,821
100,68,2,248,8147.582028,5300.554930,872
100,23,0,515,1389.134782,4582.777157,725
100,25,2,95,1268.924415,3667.372498,565
100,42,2,504,8445.246395,5887.763318,953
100,34,2,408,8515.420340,8666.806981,1394
100,23,2,103,1002.778829,4676.472351,724
100,26,2,673,3583.904565,3971.220225,614
100,22,2,214,2823.243085,8400.540249,1331
100,43,2,662,9813.229134,5492.884314,879
100,28,2,758,4413.984002,6633.235500,1057
100,51,2,717,9155.119697,2727.470184,436
100,28,0,575,4044.049047,5707.133920,896
100,49,2,431,4947.828239,1184.108666,179
100,66,2,334,4871.884751,3855.272343,619
100,18,2,690,2454.173761,9521.907388,1529
100,32,2,188,7216.970149,8955.523746,1428
100,25,2,316,940.965817,3339.713884,523
100,32,1,392,6633.518798,9455.171890,1506
100,35,2,584,9263.768562,9561.243360,1557
100,25,2,564,901.381937,3506.485881,563
100,31,2,377,7104.800301,7017.948574,1148
100,69,1,574,4044.049047,5707.133920,896
100,22,2,723,2137.236671,7035.160616,1128
100,17,0,392,6633.518798,9455.171890,1506
100,64,2,562,8107.515371,4737.029482,752
100,26,2,388,3191.014998,3986.950818,612
100,26,2,471,2681.836688,3922.837834,610
100,18,1,512,1891.953403,9148.847831,1447
100,28,2,424,3389.133848,7015.692308,1133
100,22,2,659,3247.334940,7834.648944,1252
100,22,2,658,3247.334940,7834.648944,1252
100,65,2,379,6582.370675,4892.627697,786
100,22,2,567,2876.508127,7255.889971,1171
100,22,2,540,1653.433506,7779.435636,1246
100,23,2,625,354.607540,4454.301328,681
100,25,2,637,1170.875756,2754.780032,444
100,13,2,687,39.620552,4291.758253,680
100,21,2,318,97.729524,5775.837828,920
100,59,2,86,8275.222156,6228.331920,993
100,25,2,638,1170.875756,2754.780032,444
100,19,2,749,845.881290,7819.960020,1243
100,63,2,146,5229.266618,1782.405177,300
100,67,1,455,9020.883486,6109.696877,996
100,61,2,366,8619.183131,2553.902792,434
100,29,2,527,5099.574964,5981.903938,940
100,13,2,501,411.894078,4010.765031,641
100,70,0,731,9274.565122,6613.444678,1077
100,49,2,494,5005.372809,1113.796521,180
100,28,0,574,4044.049047,5707.133920,896
100,69,1,575,4044.049047,5707.133920,896
100,36,2,519,7470.613595,8304.028986,1349
100,38,2,263,4653.786389,3684.756857,578
100,22,2,592,1974.962349,6945.214996,1087
100,63,2,147,5229.266618,1782.405177,300
100,19,2,768,1227.227812,8253.131308,1324
100,23,2,104,1002.778829,4676.472351,724
100,50,2,206,9839.727794,1109.414581,199
100,23,2,609,534.281966,5236.329525,802
100,64,1,685,7269.162985,4766.737274,789
100,24,2,666,3328.365934,5396.499330,853
100,12,2,273,123.037514,1702.929959,240
100,25,1,515,1389.134782,4582.777157,725
100,46,2,101,6000.141545,3004.918632,504
100,33,2,554,931.258847,798.682131,123
100,32,2,190,6256.320027,8582.478137,1385
100,22,2,368,2741.977903,7144.368155,1130
100,25,2,631,1182.265702,3840.557356,604
100,26,2,445,2751.690938,3649.293931,571
100,22,2,297,1668.751618,7595.977415,1206
100,46,2,218,6095.639290,2179.811634,344
100,21,2,106,96.602031,6413.539520,1000
100,53,2,463,7311.839855,3556.102949,589
100,25,2,299,2119.509780,3115.427465,488
100,38,2,537,4315.217157,3290.471052,537
100,63,2,589,4119.663504,1957.856161,296
100,36,2,647,8122.814754,8205.596731,1312
100,24,2,635,2673.120616,6105.233013,970
100,31,2,134,6638.458408,7003.743520,1146
100,32,2,332,6836.110594,8062.702998,1307
100,22,2,474,2626.588804,6664.433776,1050
100,36,2,309,8303.821117,8374.549200,1353
100,22,2,499,2440.950517,8075.556006,1289
100,70,0,730,9274.565122,6613.444678,1077
100,25,2,129,2165.568591,2758.149998,448
100,31,2,343,6884.240000,6254.586451,1027
100,24,2,225,2084.302705,4948.606646,768
100,19,2,750,845.881290,7819.960020,1243
100,60,2,303,5891.440856,4291.809512,703
100,22,0,781,3216.512017,7966.261973,1252
100,26,2,560,3323.124064,3867.520717,613
110,20,2,242,3735.306390,8349.000790,1334
110,42,2,649,8612.924783,5422.439255,874
110,18,2,690,2454.173761,9521.907388,1529
110,35,2,132,9631.822433,9363.786802,1518
110,59,2,86,8159.198507,6316.141039,1032
110,32,0,519,7344.280846,8438.904013,1349
